hour,dry_bulb_C
0,0.6
1,0.6
2,0.6
3,0.8
4,0.8
5,0.0
6,0.2
7,0.1
8,0.1
9,-1.0
10,-1.0
11,-1.0
12,0.0
13,0.0
14,-1.5
15,-3.0
16,-3.0
17,-3.0
18,-3.0
19,-3.0
20,-4.0
21,-4.0
22,-4.0
23,-2.5
24,-2.5
25,-2.7
26,-2.7
27,-2.8
28,-2.5
29,-5.0
30,-4.0
31,-3.0
32,-3.0
33,-3.0
34,-2.0
35,-2.0
36,-2.0
37,-2.0
38,-2.0
39,-2.0
40,-2.0
41,-2.0
42,-1.0
43,-1.0
44,-2.0
45,-2.0
46,-1.9
47,-2.4
48,-1.7
49,-1.6
50,-1.4
51,-1.3
52,-0.9
53,-0.8
54,-1.0
55,1.0
56,1.0
57,-1.0
58,0.3
59,1.0
60,1.0
61,1.4
62,1.5
63,1.5
64,1.0
65,0.0
66,-2.0
67,-3.0
68,-4.0
69,-4.0
70,-5.0
71,-6.5
72,-7.0
73,-8.5
74,-8.9
75,-9.9
76,-10.9
77,-12.0
78,-12.0
79,-12.0
80,-12.0
81,-12.0
82,-13.0
83,-13.0
84,-12.0
85,-13.0
86,-13.0
87,-14.0
88,-14.0
89,-14.0
90,-14.0
91,-14.0
92,-13.0
93,-14.0
94,-14.1
95,-14.7
96,-14.3
97,-14.9
98,-14.5
99,-14.6
100,-14.7
101,-14.9
102,-14.0
103,-15.0
104,-12.0
105,-9.0
106,-8.0
107,-9.0
108,-5.0
109,-5.0
110,-3.0
111,-4.0
112,-6.0
113,-11.0
114,-12.0
115,-13.0
116,-13.0
117,-13.0
118,-12.7
119,-13.0
120,-12.2
121,-12.2
122,-11.6
123,-11.3
124,-10.9
125,-10.7
126,-9.8
127,-12.0
128,-8.0
129,-4.0
130,-2.0
131,1.0
132,2.0
133,1.3
134,2.0
135,3.0
136,3.4
137,0.8
138,-5.0
139,-7.0
140,-5.0
141,-4.0
142,-4.2
143,-5.0
144,-4.7
145,-5.2
146,-5.0
147,-5.3
148,-5.3
149,-5.6
150,-5.5
151,-8.0
152,-7.0
153,-4.0
154,-1.0
155,2.0
156,1.6
157,3.0
158,3.5
159,4.0
160,4.4
161,2.3
162,0.4
163,-4.0
164,-4.0
165,-4.0
166,-3.7
167,-4.1
168,-3.2
169,-3.1
170,-2.5
171,-2.3
172,-1.8
173,-1.5
174,-1.2
175,-7.0
176,-4.0
177,0.0
178,2.0
179,0.1
180,2.0
181,2.0
182,2.8
183,3.1
184,3.8
185,2.2
186,2.2
187,2.8
188,2.8
189,2.8
190,2.8
191,2.2
192,2.8
193,2.8
194,3.0
195,3.0
196,3.3
197,3.3
198,3.0
199,3.3
200,3.3
201,4.0
202,5.0
203,5.6
204,6.1
205,6.7
206,6.7
207,6.1
208,6.1
209,5.6
210,5.6
211,6.1
212,6.1
213,6.1
214,6.1
215,5.6
216,6.1
217,5.6
218,6.1
219,6.1
220,6.1
221,6.0
222,7.0
223,8.0
224,8.0
225,8.0
226,8.0
227,9.0
228,8.1
229,8.3
230,8.5
231,10.0
232,8.0
233,6.0
234,5.1
235,1.9
236,1.2
237,0.5
238,-2.2
239,-3.3
240,-3.9
241,-4.4
242,-5.0
243,-5.0
244,-6.1
245,-6.1
246,-7.0
247,-6.7
248,-7.2
249,-6.7
250,-5.6
251,-6.7
252,-6.1
253,-5.0
254,-5.0
255,-6.7
256,-8.3
257,-7.8
258,-7.8
259,-7.2
260,-8.3
261,-8.9
262,-8.9
263,-8.9
264,-8.9
265,-8.9
266,-8.3
267,-7.8
268,-8.3
269,-7.8
270,-7.0
271,-6.7
272,-5.6
273,-3.9
274,-2.8
275,-2.2
276,-3.0
277,-2.8
278,-2.8
279,-2.8
280,-2.0
281,-4.0
282,-4.0
283,-5.0
284,-6.7
285,-6.7
286,-7.2
287,-6.7
288,-6.7
289,-7.2
290,-7.8
291,-8.3
292,-8.9
293,-9.4
294,-9.0
295,-9.4
296,-8.9
297,-7.2
298,-7.0
299,-7.2
300,-7.2
301,-6.7
302,-7.2
303,-7.2
304,-7.8
305,-8.3
306,-8.3
307,-8.3
308,-8.9
309,-9.4
310,-9.4
311,-9.4
312,-10.0
313,-10.0
314,-10.0
315,-10.0
316,-10.0
317,-9.4
318,-9.0
319,-8.3
320,-7.2
321,-6.1
322,-5.0
323,-3.9
324,-3.3
325,-3.3
326,-2.8
327,-2.8
328,-2.8
329,-3.9
330,-3.9
331,-3.9
332,-3.9
333,-3.3
334,-3.3
335,-3.9
336,-6.1
337,-6.7
338,-2.8
339,-1.7
340,1.1
341,2.2
342,2.0
343,2.2
344,2.8
345,3.9
346,0.9
347,1.9
348,3.2
349,4.3
350,5.0
351,4.9
352,5.6
353,3.8
354,3.3
355,3.0
356,2.7
357,2.0
358,1.5
359,1.5
360,1.5
361,1.5
362,1.5
363,1.4
364,1.7
365,0.9
366,1.0
367,1.3
368,1.5
369,2.2
370,3.1
371,3.9
372,3.3
373,3.3
374,2.8
375,3.0
376,2.5
377,1.1
378,0.5
379,0.3
380,-1.7
381,-1.7
382,-1.7
383,-2.8
384,-2.8
385,-3.0
386,-3.3
387,-3.0
388,-3.3
389,-3.3
390,-3.0
391,-3.3
392,-3.3
393,-2.8
394,-2.2
395,-2.2
396,-1.7
397,-1.1
398,-1.1
399,-1.7
400,-2.3
401,-3.0
402,-3.0
403,-3.9
404,-4.4
405,-3.3
406,-4.0
407,-8.0
408,-8.9
409,-9.0
410,-11.1
411,-11.1
412,-10.6
413,-10.0
414,-11.0
415,-10.6
416,-10.0
417,-8.3
418,-7.8
419,-8.3
420,-9.0
421,-9.0
422,-9.0
423,-8.3
424,-9.0
425,-10.0
426,-10.0
427,-9.4
428,-10.0
429,-10.0
430,-10.0
431,-10.6
432,-11.1
433,-11.1
434,-11.1
435,-11.0
436,-11.1
437,-11.0
438,-11.0
439,-10.6
440,-10.0
441,-10.0
442,-9.4
443,-8.9
444,-8.9
445,-7.8
446,-7.2
447,-6.7
448,-6.1
449,-6.1
450,-6.1
451,-6.1
452,-5.6
453,-5.6
454,-5.6
455,-5.6
456,-5.6
457,-5.6
458,-5.0
459,-5.6
460,-5.0
461,-5.6
462,-6.0
463,-6.1
464,-5.6
465,-5.6
466,-4.4
467,-4.4
468,-4.4
469,-4.4
470,-4.4
471,-5.0
472,-5.0
473,-5.6
474,-6.1
475,-7.0
476,-7.8
477,-8.0
478,-6.0
479,-6.1
480,-6.0
481,-7.0
482,-7.0
483,-7.0
484,-7.0
485,-7.0
486,-7.0
487,-6.7
488,-6.1
489,-5.6
490,-5.6
491,-5.6
492,-5.0
493,-5.0
494,-6.0
495,-6.1
496,-7.2
497,-8.9
498,-10.0
499,-12.2
500,-16.7
501,-16.7
502,-17.0
503,-18.0
504,-18.0
505,-18.0
506,-18.9
507,-19.4
508,-20.6
509,-20.6
510,-18.9
511,-18.3
512,-13.3
513,-9.4
514,-7.2
515,-7.2
516,-6.7
517,-4.4
518,-5.6
519,-6.1
520,-6.7
521,-8.9
522,-12.2
523,-13.9
524,-13.9
525,-16.1
526,-15.6
527,-13.9
528,-12.2
529,-12.2
530,-12.2
531,-12.2
532,-11.1
533,-11.1
534,-9.0
535,-9.4
536,-9.4
537,-8.3
538,-7.8
539,-7.2
540,-5.0
541,-6.1
542,-5.6
543,-6.1
544,-7.2
545,-7.8
546,-8.3
547,-7.8
548,-8.3
549,-8.1
550,-7.8
551,-7.8
552,-7.8
553,-8.3
554,-9.4
555,-9.4
556,-9.0
557,-9.4
558,-9.0
559,-8.3
560,-7.2
561,-6.7
562,-5.6
563,-5.0
564,-5.0
565,-3.3
566,-3.0
567,-2.8
568,-4.4
569,-5.0
570,-5.6
571,-6.1
572,-6.7
573,-6.7
574,-7.8
575,-10.0
576,-12.8
577,-12.2
578,-8.9
579,-8.3
580,-7.8
581,-6.7
582,-6.1
583,-5.6
584,-4.4
585,-2.8
586,-1.7
587,-0.6
588,0.6
589,0.6
590,1.1
591,1.7
592,2.7
593,1.4
594,0.5
595,0.0
596,0.0
597,0.0
598,0.0
599,-0.6
600,-0.6
601,-0.6
602,0.0
603,0.0
604,0.6
605,0.4
606,0.5
607,0.8
608,1.3
609,2.1
610,3.3
611,4.9
612,6.3
613,6.7
614,7.2
615,7.4
616,7.0
617,4.4
618,4.6
619,3.3
620,3.3
621,2.2
622,1.7
623,1.7
624,1.5
625,1.0
626,1.1
627,0.9
628,0.6
629,0.3
630,0.2
631,0.4
632,0.7
633,0.3
634,0.6
635,0.6
636,0.9
637,1.0
638,0.6
639,0.3
640,0.0
641,-2.0
642,-3.3
643,-3.3
644,-3.3
645,-3.3
646,-3.3
647,-3.3
648,-2.8
649,-5.0
650,-5.6
651,-4.4
652,-5.0
653,-5.0
654,-5.0
655,-4.4
656,-2.8
657,-2.4
658,-2.0
659,-1.1
660,0.6
661,1.0
662,1.7
663,2.4
664,3.0
665,1.8
666,1.0
667,0.7
668,0.4
669,0.2
670,0.6
671,0.8
672,0.8
673,0.7
674,0.3
675,0.0
676,0.0
677,0.0
678,0.0
679,-1.0
680,-1.1
681,-1.1
682,-1.1
683,-2.8
684,-3.3
685,-3.9
686,-3.9
687,-4.4
688,-5.6
689,-6.1
690,-6.1
691,-6.1
692,-5.6
693,-5.6
694,-5.6
695,-5.6
696,-6.0
697,-5.6
698,-6.0
699,-5.6
700,-6.0
701,-6.0
702,-6.0
703,-5.0
704,-3.9
705,-1.7
706,-0.6
707,0.6
708,2.8
709,4.4
710,5.6
711,6.7
712,5.0
713,3.9
714,4.6
715,3.9
716,3.6
717,3.3
718,2.2
719,2.4
720,1.9
721,1.7
722,1.4
723,1.4
724,1.6
725,2.2
726,2.1
727,2.5
728,2.7
729,4.0
730,6.3
731,7.1
732,7.6
733,10.0
734,9.6
735,10.2
736,12.2
737,11.1
738,10.7
739,9.8
740,9.1
741,6.5
742,4.1
743,2.2
744,0.3
745,0.3
746,-0.3
747,-0.9
748,-1.4
749,-2.0
750,-2.0
751,-2.0
752,-2.0
753,-2.0
754,-1.0
755,-0.6
756,0.1
757,0.3
758,0.2
759,0.3
760,0.6
761,-1.1
762,-1.7
763,-2.8
764,-3.6
765,-4.4
766,-4.0
767,-3.0
768,-3.0
769,-3.3
770,-3.0
771,-3.0
772,-2.2
773,-2.2
774,-2.0
775,-2.0
776,-0.6
777,-0.6
778,0.3
779,0.6
780,1.0
781,0.9
782,1.1
783,1.0
784,1.0
785,0.4
786,0.3
787,0.4
788,0.6
789,0.7
790,0.8
791,1.0
792,1.0
793,1.0
794,1.0
795,1.0
796,1.9
797,3.0
798,3.1
799,3.1
800,2.7
801,3.3
802,3.3
803,5.0
804,5.6
805,6.7
806,7.2
807,7.2
808,5.6
809,4.4
810,2.7
811,1.5
812,0.4
813,-0.6
814,-0.6
815,-1.1
816,-0.6
817,-1.1
818,-0.6
819,0.6
820,1.7
821,3.3
822,3.3
823,3.5
824,3.3
825,3.9
826,5.9
827,5.8
828,4.9
829,4.0
830,3.5
831,3.0
832,2.7
833,1.9
834,1.6
835,1.5
836,1.4
837,1.2
838,0.7
839,0.9
840,0.6
841,0.5
842,0.4
843,-2.0
844,-2.8
845,-3.3
846,-3.0
847,-3.9
848,-3.9
849,-3.9
850,-3.3
851,-2.8
852,-2.8
853,-2.8
854,-2.2
855,-2.2
856,-2.8
857,-3.3
858,-3.9
859,-4.4
860,-3.9
861,-3.3
862,-2.8
863,-3.0
864,-4.0
865,-3.0
866,-3.0
867,-3.0
868,-2.0
869,-2.0
870,-1.0
871,-0.6
872,0.6
873,0.6
874,0.3
875,0.6
876,1.0
877,1.2
878,1.0
879,0.7
880,0.6
881,1.0
882,1.0
883,1.1
884,1.5
885,1.2
886,1.1
887,0.9
888,0.4
889,0.0
890,-2.0
891,-2.0
892,-2.0
893,-2.0
894,-2.0
895,-3.0
896,-4.4
897,-5.0
898,-5.0
899,-5.0
900,-5.0
901,-5.0
902,-6.0
903,-5.0
904,-5.0
905,-5.0
906,-5.0
907,-5.6
908,-5.6
909,-6.1
910,-6.7
911,-7.2
912,-6.7
913,-7.2
914,-8.0
915,-8.0
916,-8.0
917,-8.9
918,-9.0
919,-8.0
920,-7.0
921,-6.1
922,-6.7
923,-6.7
924,-6.7
925,-6.7
926,-6.1
927,-5.0
928,-8.9
929,-10.6
930,-12.2
931,-11.1
932,-12.8
933,-13.9
934,-12.0
935,-12.0
936,-12.0
937,-11.0
938,-10.6
939,-10.0
940,-9.0
941,-9.0
942,-8.0
943,-7.2
944,-5.6
945,-2.8
946,-0.6
947,1.1
948,1.1
949,0.1
950,0.5
951,1.1
952,1.6
953,1.3
954,1.2
955,1.0
956,0.7
957,0.5
958,-1.0
959,-1.0
960,0.6
961,0.8
962,1.0
963,1.7
964,2.0
965,2.0
966,1.9
967,1.7
968,1.7
969,2.2
970,2.8
971,3.3
972,3.9
973,3.9
974,3.6
975,3.3
976,3.4
977,2.0
978,1.9
979,1.5
980,1.5
981,1.2
982,0.6
983,0.6
984,0.6
985,1.3
986,1.6
987,1.8
988,1.9
989,1.8
990,1.6
991,1.5
992,1.5
993,1.6
994,1.7
995,1.7
996,1.9
997,1.7
998,1.8
999,2.1
1000,2.3
1001,1.6
1002,1.1
1003,1.0
1004,0.4
1005,0.6
1006,0.2
1007,0.0
1008,0.0
1009,0.1
1010,-1.0
1011,-1.1
1012,-2.0
1013,-2.8
1014,-3.0
1015,-4.4
1016,-2.2
1017,0.6
1018,-0.6
1019,0.6
1020,0.6
1021,1.7
1022,2.2
1023,2.2
1024,3.1
1025,2.5
1026,1.7
1027,2.2
1028,1.7
1029,1.7
1030,1.5
1031,1.1
1032,0.6
1033,0.5
1034,0.4
1035,0.2
1036,0.3
1037,0.4
1038,0.3
1039,0.3
1040,0.3
1041,0.4
1042,0.3
1043,0.2
1044,0.0
1045,0.0
1046,0.5
1047,0.1
1048,0.2
1049,-0.6
1050,-0.6
1051,-0.6
1052,-0.6
1053,-2.2
1054,-3.9
1055,-5.6
1056,-7.0
1057,-8.3
1058,-8.0
1059,-10.6
1060,-11.0
1061,-11.7
1062,-12.0
1063,-13.9
1064,-13.9
1065,-14.0
1066,-13.0
1067,-13.0
1068,-13.0
1069,-12.8
1070,-13.3
1071,-13.3
1072,-13.9
1073,-14.4
1074,-17.2
1075,-20.0
1076,-20.0
1077,-21.1
1078,-21.0
1079,-23.9
1080,-22.8
1081,-22.2
1082,-22.2
1083,-22.2
1084,-22.2
1085,-22.8
1086,-24.0
1087,-21.7
1088,-14.4
1089,-11.1
1090,-9.4
1091,-7.2
1092,-5.6
1093,-3.9
1094,-2.8
1095,-2.8
1096,-3.3
1097,-4.4
1098,-4.4
1099,-4.4
1100,-4.4
1101,-3.9
1102,-3.9
1103,-3.3
1104,-2.8
1105,-2.8
1106,-2.8
1107,-2.8
1108,-1.7
1109,-2.0
1110,-2.0
1111,-1.7
1112,0.0
1113,0.6
1114,1.1
1115,0.5
1116,1.4
1117,1.8
1118,2.1
1119,2.4
1120,3.3
1121,2.2
1122,1.6
1123,1.7
1124,0.8
1125,-5.6
1126,-6.0
1127,-4.0
1128,-2.2
1129,-3.0
1130,-9.4
1131,-8.0
1132,-7.0
1133,-7.0
1134,-6.0
1135,-5.6
1136,-3.0
1137,-1.7
1138,-2.0
1139,-0.6
1140,-0.6
1141,1.1
1142,0.2
1143,0.2
1144,0.4
1145,-2.2
1146,-5.0
1147,-4.4
1148,-3.9
1149,-3.9
1150,-2.8
1151,-2.8
1152,-0.6
1153,0.0
1154,0.6
1155,0.6
1156,0.6
1157,1.0
1158,0.0
1159,-1.1
1160,-0.6
1161,0.6
1162,1.5
1163,1.7
1164,2.8
1165,3.3
1166,3.9
1167,3.9
1168,3.9
1169,3.9
1170,3.9
1171,3.3
1172,3.3
1173,2.8
1174,2.2
1175,2.3
1176,1.7
1177,1.5
1178,1.3
1179,0.8
1180,0.3
1181,-0.6
1182,-1.0
1183,-1.1
1184,-1.7
1185,-1.7
1186,-1.1
1187,-1.7
1188,-2.0
1189,-2.8
1190,-2.8
1191,-3.0
1192,-4.4
1193,-5.0
1194,-5.6
1195,-5.6
1196,-6.1
1197,-6.0
1198,-5.0
1199,-5.6
1200,-5.6
1201,-6.1
1202,-7.2
1203,-7.2
1204,-7.8
1205,-8.9
1206,-8.0
1207,-8.3
1208,-6.7
1209,-6.7
1210,-5.6
1211,-5.6
1212,-6.7
1213,-6.1
1214,-6.7
1215,-6.7
1216,-7.2
1217,-7.8
1218,-8.3
1219,-8.9
1220,-10.0
1221,-9.4
1222,-9.4
1223,-11.0
1224,-8.9
1225,-8.3
1226,-9.0
1227,-9.0
1228,-9.4
1229,-11.1
1230,-12.0
1231,-11.1
1232,-9.4
1233,-7.2
1234,-6.1
1235,-5.6
1236,-3.3
1237,-2.8
1238,-1.7
1239,-0.6
1240,-0.6
1241,-1.7
1242,-2.2
1243,-3.9
1244,-5.0
1245,-3.3
1246,-3.3
1247,-2.8
1248,-3.9
1249,-5.0
1250,-11.1
1251,-13.3
1252,-6.1
1253,-10.6
1254,-10.0
1255,-6.1
1256,-3.3
1257,-1.7
1258,-0.6
1259,0.6
1260,1.4
1261,2.2
1262,3.0
1263,4.4
1264,4.4
1265,3.3
1266,3.5
1267,0.6
1268,-4.4
1269,-4.4
1270,-5.6
1271,-6.7
1272,-5.0
1273,-7.8
1274,-7.2
1275,-5.6
1276,-8.9
1277,-8.3
1278,-8.0
1279,-1.7
1280,0.6
1281,2.2
1282,2.5
1283,4.1
1284,7.2
1285,7.8
1286,8.3
1287,8.3
1288,8.3
1289,6.1
1290,5.0
1291,3.3
1292,2.8
1293,2.2
1294,1.3
1295,1.3
1296,1.7
1297,1.4
1298,1.3
1299,1.1
1300,0.7
1301,2.2
1302,3.0
1303,3.3
1304,0.3
1305,3.1
1306,6.1
1307,7.7
1308,10.6
1309,8.6
1310,11.7
1311,11.7
1312,11.1
1313,11.5
1314,8.1
1315,7.8
1316,8.3
1317,5.2
1318,4.6
1319,4.4
1320,3.9
1321,4.1
1322,4.2
1323,3.6
1324,2.9
1325,2.2
1326,2.0
1327,2.7
1328,3.1
1329,3.6
1330,4.7
1331,3.9
1332,6.2
1333,6.5
1334,7.2
1335,7.4
1336,5.4
1337,4.2
1338,3.8
1339,3.5
1340,3.2
1341,3.0
1342,2.3
1343,2.2
1344,2.0
1345,2.0
1346,1.8
1347,1.7
1348,1.8
1349,1.0
1350,1.4
1351,1.5
1352,1.6
1353,2.0
1354,2.7
1355,3.3
1356,5.0
1357,4.7
1358,5.1
1359,5.7
1360,6.7
1361,5.4
1362,6.1
1363,6.1
1364,5.6
1365,5.6
1366,4.4
1367,4.3
1368,5.0
1369,4.0
1370,3.9
1371,2.9
1372,1.6
1373,0.0
1374,-2.0
1375,-3.0
1376,-4.0
1377,-3.9
1378,-3.3
1379,-3.3
1380,-2.8
1381,-3.3
1382,-3.3
1383,-3.3
1384,-3.9
1385,-4.4
1386,-6.0
1387,-5.0
1388,-6.0
1389,-6.0
1390,-6.1
1391,-6.1
1392,-6.1
1393,-6.7
1394,-6.7
1395,-6.1
1396,-6.1
1397,-6.1
1398,-6.0
1399,-6.1
1400,-5.6
1401,-5.0
1402,-3.9
1403,-3.9
1404,-3.3
1405,-2.8
1406,-2.8
1407,-2.8
1408,-2.8
1409,-4.0
1410,-4.8
1411,-4.8
1412,-4.8
1413,-4.8
1414,-4.8
1415,-4.6
1416,-4.1
1417,-3.6
1418,-3.2
1419,-2.7
1420,-2.2
1421,-1.6
1422,-1.7
1423,-1.1
1424,-0.6
1425,0.6
1426,0.4
1427,1.4
1428,2.7
1429,3.9
1430,4.4
1431,6.1
1432,5.6
1433,5.0
1434,5.0
1435,3.3
1436,3.8
1437,3.1
1438,2.2
1439,1.7
1440,1.3
1441,1.2
1442,0.4
1443,-1.1
1444,-1.1
1445,-2.0
1446,-2.2
1447,-2.2
1448,-2.2
1449,-1.7
1450,0.4
1451,0.3
1452,1.0
1453,1.6
1454,2.8
1455,3.3
1456,3.9
1457,3.6
1458,4.2
1459,2.2
1460,2.1
1461,1.6
1462,1.0
1463,0.6
1464,0.4
1465,0.9
1466,1.5
1467,-1.0
1468,-4.0
1469,-6.0
1470,-6.7
1471,-6.7
1472,-7.2
1473,-6.7
1474,-6.7
1475,-7.0
1476,-5.6
1477,-5.6
1478,-5.6
1479,-5.6
1480,-6.7
1481,-7.8
1482,-8.9
1483,-10.0
1484,-10.6
1485,-11.1
1486,-11.7
1487,-12.8
1488,-11.7
1489,-12.0
1490,-12.8
1491,-14.0
1492,-17.8
1493,-18.0
1494,-12.8
1495,-10.6
1496,-8.3
1497,-8.0
1498,-4.4
1499,-2.8
1500,-2.2
1501,-0.6
1502,-0.6
1503,0.0
1504,0.0
1505,-3.3
1506,-7.2
1507,-8.3
1508,-10.6
1509,-10.6
1510,-11.7
1511,-11.7
1512,-11.7
1513,-12.2
1514,-11.7
1515,-10.0
1516,-9.4
1517,-9.0
1518,-7.8
1519,-6.1
1520,-2.2
1521,0.6
1522,1.1
1523,1.4
1524,3.9
1525,5.0
1526,4.6
1527,6.1
1528,5.6
1529,5.6
1530,5.0
1531,5.6
1532,5.0
1533,5.0
1534,5.0
1535,3.7
1536,5.0
1537,3.7
1538,3.8
1539,4.7
1540,4.8
1541,7.0
1542,5.5
1543,5.6
1544,5.7
1545,7.6
1546,10.2
1547,14.5
1548,20.6
1549,21.7
1550,21.1
1551,21.7
1552,16.7
1553,18.9
1554,17.8
1555,13.9
1556,14.4
1557,12.3
1558,10.1
1559,8.5
1560,6.6
1561,5.5
1562,4.2
1563,3.2
1564,2.0
1565,2.0
1566,2.2
1567,2.6
1568,2.6
1569,2.2
1570,2.8
1571,3.0
1572,3.1
1573,3.6
1574,5.8
1575,10.0
1576,13.9
1577,13.3
1578,12.0
1579,7.5
1580,3.2
1581,2.3
1582,1.5
1583,1.3
1584,0.4
1585,0.1
1586,0.0
1587,-2.0
1588,-1.7
1589,-2.0
1590,-3.3
1591,-2.8
1592,-1.7
1593,-0.6
1594,0.3
1595,0.0
1596,0.9
1597,1.0
1598,1.5
1599,1.6
1600,2.1
1601,1.0
1602,0.3
1603,-4.4
1604,-3.9
1605,-3.9
1606,-5.0
1607,-4.4
1608,-5.0
1609,-3.9
1610,-3.9
1611,-3.3
1612,-2.8
1613,-3.0
1614,-2.2
1615,-1.7
1616,-0.6
1617,-1.0
1618,0.1
1619,0.0
1620,0.6
1621,0.6
1622,0.8
1623,1.1
1624,1.1
1625,0.2
1626,0.3
1627,0.5
1628,0.2
1629,-1.0
1630,-3.0
1631,-2.2
1632,-3.9
1633,-6.7
1634,-7.8
1635,-8.3
1636,-9.4
1637,-9.0
1638,-8.3
1639,-5.0
1640,-0.6
1641,3.9
1642,1.7
1643,1.6
1644,4.4
1645,5.0
1646,5.6
1647,6.1
1648,5.6
1649,3.9
1650,3.4
1651,2.9
1652,1.7
1653,0.6
1654,-2.2
1655,-1.7
1656,-1.7
1657,-1.7
1658,-1.1
1659,-1.7
1660,-3.3
1661,-4.0
1662,-4.4
1663,-2.2
1664,1.1
1665,1.2
1666,5.0
1667,6.7
1668,8.3
1669,8.9
1670,10.0
1671,10.0
1672,9.4
1673,8.3
1674,7.8
1675,7.8
1676,5.6
1677,4.0
1678,4.0
1679,3.2
1680,2.2
1681,1.8
1682,1.2
1683,0.2
1684,-3.0
1685,-4.0
1686,-5.0
1687,-5.0
1688,-5.0
1689,-5.0
1690,-6.0
1691,-7.2
1692,-7.2
1693,-7.2
1694,-7.2
1695,-6.7
1696,-8.0
1697,-8.0
1698,-8.3
1699,-8.3
1700,-8.9
1701,-9.0
1702,-9.0
1703,-10.0
1704,-9.0
1705,-9.0
1706,-9.0
1707,-9.0
1708,-8.0
1709,-8.9
1710,-8.3
1711,-8.3
1712,-7.2
1713,-5.0
1714,-3.3
1715,-2.8
1716,-2.2
1717,-1.1
1718,-3.3
1719,-2.8
1720,-2.2
1721,-3.0
1722,-3.9
1723,-3.9
1724,-3.3
1725,-2.8
1726,-2.8
1727,-2.2
1728,-1.7
1729,-1.1
1730,-1.1
1731,-1.1
1732,-1.0
1733,-1.1
1734,-1.7
1735,0.0
1736,2.2
1737,0.1
1738,3.5
1739,4.8
1740,7.2
1741,7.2
1742,8.3
1743,8.9
1744,8.9
1745,6.7
1746,6.1
1747,5.0
1748,5.0
1749,5.0
1750,4.4
1751,4.2
1752,3.9
1753,3.5
1754,4.4
1755,2.5
1756,1.0
1757,1.4
1758,1.9
1759,1.1
1760,2.8
1761,3.9
1762,6.7
1763,8.9
1764,9.4
1765,8.3
1766,10.6
1767,9.8
1768,9.1
1769,7.6
1770,6.7
1771,5.7
1772,5.5
1773,4.7
1774,4.0
1775,3.8
1776,3.2
1777,2.2
1778,2.2
1779,2.5
1780,2.0
1781,1.1
1782,1.1
1783,0.6
1784,1.0
1785,2.0
1786,4.6
1787,7.2
1788,11.0
1789,16.1
1790,17.2
1791,17.8
1792,16.7
1793,12.2
1794,12.4
1795,11.5
1796,11.3
1797,9.5
1798,8.5
1799,9.4
1800,7.5
1801,8.9
1802,6.1
1803,5.0
1804,4.2
1805,5.8
1806,5.7
1807,6.2
1808,7.8
1809,12.2
1810,16.7
1811,14.2
1812,17.2
1813,17.2
1814,18.3
1815,18.3
1816,17.8
1817,15.0
1818,13.3
1819,11.1
1820,11.2
1821,10.4
1822,6.7
1823,8.2
1824,5.6
1825,5.6
1826,7.3
1827,6.8
1828,6.6
1829,3.9
1830,3.9
1831,4.5
1832,7.2
1833,11.6
1834,18.9
1835,20.0
1836,21.1
1837,22.2
1838,22.2
1839,22.2
1840,20.0
1841,18.9
1842,17.2
1843,17.8
1844,16.7
1845,15.6
1846,15.6
1847,15.0
1848,12.2
1849,12.0
1850,12.8
1851,13.0
1852,12.0
1853,12.2
1854,12.2
1855,13.3
1856,11.4
1857,13.3
1858,14.7
1859,18.9
1860,20.0
1861,18.9
1862,15.0
1863,15.6
1864,15.0
1865,14.4
1866,12.8
1867,11.7
1868,11.1
1869,11.1
1870,11.1
1871,10.6
1872,10.0
1873,10.0
1874,8.9
1875,8.0
1876,7.0
1877,6.1
1878,5.6
1879,6.1
1880,7.0
1881,6.1
1882,6.1
1883,5.6
1884,4.4
1885,3.9
1886,3.3
1887,3.9
1888,3.0
1889,3.3
1890,4.0
1891,4.5
1892,4.7
1893,4.5
1894,3.9
1895,3.7
1896,3.1
1897,2.8
1898,2.5
1899,1.8
1900,1.2
1901,0.8
1902,0.8
1903,1.3
1904,3.3
1905,7.2
1906,8.9
1907,10.0
1908,11.1
1909,11.7
1910,10.6
1911,10.0
1912,8.9
1913,7.8
1914,8.7
1915,7.9
1916,5.6
1917,5.0
1918,5.4
1919,5.3
1920,3.5
1921,2.8
1922,1.9
1923,0.6
1924,-2.0
1925,-3.9
1926,-2.2
1927,-0.6
1928,1.7
1929,1.6
1930,3.9
1931,5.0
1932,5.6
1933,6.1
1934,6.1
1935,5.6
1936,6.6
1937,3.3
1938,3.8
1939,3.1
1940,2.6
1941,0.9
1942,-1.1
1943,0.3
1944,-2.2
1945,-1.1
1946,-1.1
1947,0.2
1948,0.1
1949,0.2
1950,0.3
1951,0.7
1952,0.9
1953,1.7
1954,3.2
1955,5.2
1956,6.7
1957,6.1
1958,6.7
1959,7.2
1960,7.8
1961,5.0
1962,5.0
1963,5.0
1964,5.0
1965,4.4
1966,3.9
1967,3.3
1968,2.8
1969,3.0
1970,4.0
1971,3.9
1972,4.0
1973,3.9
1974,3.9
1975,3.9
1976,4.0
1977,4.6
1978,7.8
1979,8.9
1980,10.0
1981,11.7
1982,13.3
1983,14.4
1984,15.0
1985,13.3
1986,11.1
1987,10.0
1988,9.4
1989,8.0
1990,7.0
1991,6.0
1992,6.0
1993,5.6
1994,5.7
1995,3.0
1996,3.0
1997,3.0
1998,4.4
1999,3.8
2000,5.1
2001,6.5
2002,7.2
2003,7.8
2004,7.8
2005,7.8
2006,7.2
2007,6.7
2008,6.1
2009,5.0
2010,3.9
2011,3.9
2012,3.9
2013,4.3
2014,3.3
2015,4.0
2016,3.0
2017,3.3
2018,2.8
2019,2.2
2020,1.9
2021,2.0
2022,2.6
2023,2.8
2024,2.2
2025,4.2
2026,3.9
2027,5.4
2028,6.5
2029,6.1
2030,6.1
2031,5.0
2032,5.0
2033,4.4
2034,3.9
2035,2.8
2036,3.2
2037,2.2
2038,1.5
2039,1.0
2040,0.4
2041,0.3
2042,0.1
2043,-1.1
2044,-1.0
2045,-1.7
2046,-1.7
2047,-2.2
2048,-1.7
2049,-2.2
2050,-2.8
2051,-2.2
2052,-2.8
2053,-2.0
2054,-3.3
2055,-3.0
2056,-4.4
2057,-5.0
2058,-6.1
2059,-6.0
2060,-7.0
2061,-8.0
2062,-8.3
2063,-8.9
2064,-8.9
2065,-9.4
2066,-9.4
2067,-9.4
2068,-9.0
2069,-9.4
2070,-8.9
2071,-9.0
2072,-9.0
2073,-9.0
2074,-8.3
2075,-7.8
2076,-7.2
2077,-7.8
2078,-9.0
2079,-8.3
2080,-8.3
2081,-8.3
2082,-8.9
2083,-8.3
2084,-8.0
2085,-8.3
2086,-8.3
2087,-7.8
2088,-7.8
2089,-7.8
2090,-7.8
2091,-8.0
2092,-8.0
2093,-7.8
2094,-7.2
2095,-6.7
2096,-6.1
2097,-5.0
2098,-3.9
2099,-3.9
2100,-2.8
2101,-2.2
2102,-2.2
2103,-1.1
2104,-1.1
2105,-2.2
2106,-3.9
2107,-5.0
2108,-7.2
2109,-8.3
2110,-9.4
2111,-10.0
2112,-10.0
2113,-10.0
2114,-10.0
2115,-10.0
2116,-10.0
2117,-9.4
2118,-7.8
2119,-4.4
2120,-1.7
2121,-0.6
2122,1.1
2123,0.8
2124,2.3
2125,1.7
2126,2.2
2127,2.8
2128,3.9
2129,4.4
2130,4.4
2131,4.4
2132,4.4
2133,4.4
2134,5.0
2135,5.0
2136,5.0
2137,6.1
2138,6.7
2139,7.2
2140,8.0
2141,8.9
2142,9.4
2143,11.1
2144,9.6
2145,10.6
2146,15.6
2147,18.3
2148,18.9
2149,16.7
2150,15.0
2151,16.1
2152,15.6
2153,12.2
2154,10.9
2155,9.5
2156,8.4
2157,3.8
2158,-0.4
2159,-3.6
2160,-6.8
2161,-7.1
2162,-7.0
2163,-6.2
2164,-5.1
2165,-3.7
2166,-3.3
2167,-3.0
2168,-1.6
2169,0.0
2170,1.6
2171,2.2
2172,2.7
2173,3.3
2174,3.8
2175,4.4
2176,3.8
2177,3.3
2178,3.1
2179,1.4
2180,0.3
2181,-2.7
2182,-3.8
2183,-4.4
2184,-3.8
2185,-2.7
2186,1.1
2187,2.7
2188,0.5
2189,1.5
2190,1.8
2191,2.2
2192,3.3
2193,8.4
2194,13.8
2195,15.5
2196,17.2
2197,17.7
2198,17.2
2199,16.1
2200,16.6
2201,15.0
2202,14.4
2203,14.4
2204,13.8
2205,12.2
2206,12.0
2207,12.0
2208,13.0
2209,13.0
2210,12.0
2211,11.0
2212,10.0
2213,9.0
2214,8.3
2215,8.3
2216,8.0
2217,11.6
2218,13.3
2219,14.4
2220,15.0
2221,16.6
2222,15.5
2223,15.5
2224,14.4
2225,13.3
2226,11.1
2227,9.4
2228,8.8
2229,8.0
2230,6.0
2231,6.0
2232,5.0
2233,2.7
2234,3.0
2235,2.7
2236,2.0
2237,2.0
2238,1.6
2239,1.5
2240,0.5
2241,1.2
2242,2.7
2243,2.4
2244,3.2
2245,3.7
2246,4.0
2247,3.3
2248,4.2
2249,2.7
2250,2.4
2251,1.8
2252,1.5
2253,1.0
2254,0.5
2255,0.5
2256,0.6
2257,0.4
2258,0.3
2259,-0.5
2260,-2.2
2261,-2.0
2262,-1.1
2263,0.0
2264,-1.0
2265,-1.1
2266,1.2
2267,0.5
2268,0.6
2269,1.2
2270,1.8
2271,1.8
2272,2.2
2273,1.8
2274,1.8
2275,1.5
2276,1.5
2277,1.2
2278,0.5
2279,0.6
2280,0.2
2281,0.4
2282,0.8
2283,0.8
2284,0.2
2285,-1.0
2286,0.2
2287,1.0
2288,2.2
2289,6.8
2290,11.1
2291,13.8
2292,15.5
2293,17.7
2294,17.2
2295,16.6
2296,16.1
2297,13.7
2298,12.4
2299,10.6
2300,9.2
2301,8.3
2302,6.6
2303,5.8
2304,5.5
2305,5.2
2306,5.0
2307,4.5
2308,3.7
2309,4.1
2310,3.8
2311,3.8
2312,3.5
2313,3.8
2314,4.8
2315,4.9
2316,5.4
2317,6.2
2318,7.4
2319,8.2
2320,9.0
2321,7.0
2322,7.0
2323,6.5
2324,6.0
2325,5.4
2326,4.4
2327,3.3
2328,3.0
2329,4.3
2330,4.4
2331,4.4
2332,4.0
2333,4.0
2334,3.8
2335,3.8
2336,3.3
2337,3.3
2338,3.8
2339,3.8
2340,4.4
2341,4.4
2342,5.5
2343,4.4
2344,4.4
2345,3.8
2346,3.3
2347,3.3
2348,3.3
2349,3.3
2350,3.0
2351,3.3
2352,2.7
2353,2.7
2354,2.7
2355,2.7
2356,2.7
2357,3.0
2358,2.7
2359,3.3
2360,2.9
2361,4.4
2362,5.0
2363,5.5
2364,6.6
2365,7.2
2366,7.2
2367,6.6
2368,6.6
2369,5.5
2370,5.0
2371,5.0
2372,4.0
2373,3.8
2374,3.8
2375,3.8
2376,4.4
2377,4.0
2378,5.0
2379,5.0
2380,5.0
2381,5.0
2382,6.1
2383,5.4
2384,5.7
2385,7.7
2386,8.3
2387,8.8
2388,9.0
2389,13.3
2390,13.3
2391,13.0
2392,12.7
2393,12.2
2394,9.4
2395,8.3
2396,8.3
2397,7.7
2398,7.2
2399,6.6
2400,6.6
2401,5.5
2402,5.5
2403,6.0
2404,5.3
2405,3.0
2406,2.7
2407,2.7
2408,3.3
2409,4.4
2410,5.4
2411,5.7
2412,6.0
2413,5.9
2414,5.0
2415,5.5
2416,6.6
2417,6.1
2418,6.2
2419,4.8
2420,4.1
2421,3.4
2422,2.2
2423,2.0
2424,1.4
2425,1.1
2426,1.1
2427,0.8
2428,0.4
2429,0.6
2430,0.6
2431,2.5
2432,5.6
2433,9.2
2434,13.3
2435,13.8
2436,16.1
2437,17.2
2438,18.3
2439,18.8
2440,18.8
2441,18.3
2442,14.4
2443,14.6
2444,10.5
2445,11.6
2446,10.5
2447,10.5
2448,10.0
2449,9.4
2450,9.4
2451,6.9
2452,6.2
2453,8.5
2454,8.4
2455,9.1
2456,10.5
2457,14.1
2458,19.4
2459,21.6
2460,23.8
2461,25.0
2462,25.0
2463,23.8
2464,23.8
2465,23.3
2466,21.1
2467,20.0
2468,20.0
2469,19.0
2470,15.0
2471,15.4
2472,12.9
2473,11.1
2474,10.9
2475,9.6
2476,8.1
2477,6.3
2478,6.6
2479,7.3
2480,8.6
2481,11.3
2482,15.0
2483,14.4
2484,16.1
2485,15.5
2486,15.5
2487,15.0
2488,13.8
2489,12.7
2490,11.1
2491,10.0
2492,10.6
2493,10.5
2494,8.3
2495,8.2
2496,6.3
2497,5.2
2498,4.5
2499,4.3
2500,3.5
2501,4.8
2502,5.0
2503,7.2
2504,8.8
2505,10.5
2506,11.1
2507,12.7
2508,13.8
2509,13.8
2510,13.8
2511,13.8
2512,12.7
2513,11.6
2514,9.4
2515,7.7
2516,6.6
2517,6.6
2518,6.0
2519,5.5
2520,3.5
2521,2.6
2522,2.5
2523,1.6
2524,1.4
2525,1.4
2526,2.1
2527,3.8
2528,6.4
2529,10.3
2530,16.6
2531,18.3
2532,20.0
2533,21.1
2534,21.1
2535,19.4
2536,18.3
2537,16.6
2538,16.1
2539,15.5
2540,14.4
2541,15.5
2542,12.2
2543,11.6
2544,11.6
2545,12.0
2546,11.1
2547,11.0
2548,11.0
2549,11.0
2550,11.1
2551,11.6
2552,12.2
2553,12.5
2554,12.7
2555,13.0
2556,12.0
2557,14.0
2558,14.5
2559,15.0
2560,16.0
2561,16.0
2562,13.0
2563,13.5
2564,12.4
2565,8.9
2566,10.6
2567,10.2
2568,9.5
2569,8.9
2570,8.4
2571,7.6
2572,6.6
2573,6.6
2574,7.0
2575,8.4
2576,11.1
2577,15.1
2578,21.0
2579,23.0
2580,23.0
2581,20.0
2582,19.0
2583,18.0
2584,17.0
2585,16.0
2586,13.0
2587,11.0
2588,11.0
2589,11.1
2590,6.9
2591,8.2
2592,7.1
2593,6.6
2594,6.1
2595,5.1
2596,3.7
2597,2.6
2598,3.0
2599,5.3
2600,7.0
2601,9.1
2602,13.0
2603,15.5
2604,18.0
2605,18.0
2606,19.0
2607,20.0
2608,19.0
2609,18.0
2610,17.0
2611,16.0
2612,15.0
2613,15.7
2614,12.0
2615,11.0
2616,10.6
2617,7.5
2618,6.4
2619,5.9
2620,5.8
2621,8.0
2622,8.0
2623,8.0
2624,7.8
2625,8.6
2626,10.2
2627,10.8
2628,11.6
2629,11.9
2630,12.7
2631,13.0
2632,15.0
2633,15.0
2634,15.0
2635,14.0
2636,14.0
2637,14.1
2638,11.0
2639,9.9
2640,9.3
2641,8.9
2642,10.4
2643,6.9
2644,6.5
2645,8.0
2646,8.0
2647,9.0
2648,9.0
2649,10.0
2650,12.0
2651,13.0
2652,13.0
2653,13.0
2654,13.0
2655,11.0
2656,11.0
2657,11.0
2658,9.0
2659,7.0
2660,7.0
2661,7.2
2662,5.4
2663,7.1
2664,4.6
2665,4.5
2666,5.2
2667,5.0
2668,3.9
2669,6.0
2670,6.0
2671,7.0
2672,6.0
2673,5.0
2674,6.0
2675,7.0
2676,9.0
2677,11.0
2678,8.0
2679,7.0
2680,5.0
2681,6.1
2682,5.5
2683,4.0
2684,4.6
2685,2.9
2686,2.1
2687,2.2
2688,1.6
2689,1.1
2690,1.1
2691,0.4
2692,0.1
2693,0.2
2694,0.4
2695,0.6
2696,0.6
2697,0.9
2698,1.6
2699,1.7
2700,2.2
2701,2.2
2702,2.2
2703,2.2
2704,1.6
2705,1.6
2706,1.1
2707,1.1
2708,0.7
2709,0.5
2710,0.0
2711,0.1
2712,-0.5
2713,-1.0
2714,-1.1
2715,-1.0
2716,-0.5
2717,-0.5
2718,-0.5
2719,-0.5
2720,0.2
2721,1.1
2722,2.4
2723,2.5
2724,2.2
2725,2.3
2726,2.5
2727,2.2
2728,2.2
2729,1.6
2730,2.3
2731,2.1
2732,2.2
2733,1.5
2734,0.6
2735,0.2
2736,-2.7
2737,-2.2
2738,-2.2
2739,-2.7
2740,-4.4
2741,-4.0
2742,-0.5
2743,0.2
2744,1.5
2745,3.8
2746,5.5
2747,6.6
2748,7.7
2749,8.3
2750,8.8
2751,9.4
2752,8.8
2753,8.3
2754,6.1
2755,6.5
2756,5.4
2757,4.2
2758,2.7
2759,2.1
2760,1.3
2761,0.9
2762,2.0
2763,1.6
2764,1.7
2765,1.4
2766,2.2
2767,4.4
2768,5.5
2769,7.2
2770,9.4
2771,9.4
2772,10.0
2773,9.4
2774,8.3
2775,8.8
2776,7.7
2777,7.7
2778,6.6
2779,6.1
2780,6.8
2781,6.0
2782,5.2
2783,5.0
2784,5.6
2785,5.6
2786,5.6
2787,5.9
2788,4.4
2789,5.4
2790,4.0
2791,5.0
2792,5.5
2793,6.1
2794,6.1
2795,7.2
2796,7.7
2797,7.7
2798,7.7
2799,8.3
2800,7.7
2801,7.2
2802,6.6
2803,6.0
2804,5.5
2805,6.1
2806,6.6
2807,6.6
2808,6.6
2809,7.0
2810,5.5
2811,5.0
2812,5.0
2813,5.9
2814,6.1
2815,6.0
2816,8.8
2817,11.0
2818,12.7
2819,13.8
2820,15.0
2821,16.6
2822,16.6
2823,15.0
2824,15.5
2825,15.0
2826,13.3
2827,10.5
2828,12.2
2829,9.4
2830,8.8
2831,8.3
2832,7.7
2833,7.7
2834,7.7
2835,6.1
2836,6.9
2837,8.8
2838,9.4
2839,11.6
2840,13.3
2841,15.0
2842,16.6
2843,17.7
2844,18.3
2845,19.4
2846,18.8
2847,18.8
2848,18.8
2849,17.7
2850,15.5
2851,12.7
2852,10.5
2853,11.7
2854,8.8
2855,10.8
2856,6.6
2857,7.2
2858,6.9
2859,5.9
2860,5.3
2861,6.1
2862,6.4
2863,9.0
2864,11.8
2865,17.7
2866,19.4
2867,20.0
2868,19.4
2869,20.5
2870,20.5
2871,20.0
2872,20.0
2873,17.7
2874,12.2
2875,11.0
2876,10.1
2877,10.2
2878,10.6
2879,11.0
2880,11.4
2881,11.6
2882,11.6
2883,11.0
2884,10.8
2885,10.9
2886,9.8
2887,10.7
2888,12.0
2889,13.8
2890,17.7
2891,16.0
2892,15.5
2893,13.0
2894,16.6
2895,14.4
2896,13.3
2897,11.6
2898,10.5
2899,9.4
2900,10.5
2901,9.9
2902,8.8
2903,7.7
2904,6.1
2905,6.1
2906,6.1
2907,5.5
2908,5.5
2909,6.0
2910,6.3
2911,8.8
2912,8.7
2913,10.0
2914,12.7
2915,12.1
2916,13.3
2917,13.3
2918,12.7
2919,13.8
2920,11.1
2921,11.6
2922,10.5
2923,10.0
2924,9.4
2925,9.4
2926,8.8
2927,10.0
2928,7.7
2929,9.4
2930,9.4
2931,9.4
2932,8.8
2933,9.0
2934,7.4
2935,8.2
2936,10.5
2937,11.6
2938,12.2
2939,12.7
2940,14.0
2941,12.7
2942,13.8
2943,13.8
2944,15.0
2945,11.1
2946,9.4
2947,8.3
2948,7.7
2949,7.7
2950,7.7
2951,7.2
2952,6.6
2953,6.6
2954,6.1
2955,5.5
2956,6.1
2957,7.0
2958,6.1
2959,8.8
2960,8.4
2961,9.0
2962,11.1
2963,11.6
2964,12.7
2965,12.2
2966,12.7
2967,12.7
2968,12.7
2969,11.6
2970,9.4
2971,7.7
2972,9.0
2973,6.6
2974,6.6
2975,7.0
2976,6.0
2977,5.0
2978,5.9
2979,5.2
2980,4.9
2981,4.5
2982,6.1
2983,7.7
2984,8.8
2985,10.5
2986,11.6
2987,12.7
2988,13.3
2989,13.8
2990,13.3
2991,12.7
2992,12.2
2993,11.6
2994,9.4
2995,9.8
2996,8.2
2997,6.1
2998,5.5
2999,5.0
3000,4.4
3001,4.4
3002,6.4
3003,5.9
3004,5.4
3005,6.0
3006,6.4
3007,8.3
3008,8.3
3009,11.1
3010,13.3
3011,13.8
3012,15.0
3013,14.0
3014,13.3
3015,13.8
3016,13.3
3017,12.2
3018,10.5
3019,8.8
3020,9.3
3021,7.5
3022,6.2
3023,4.8
3024,5.2
3025,4.4
3026,4.1
3027,3.5
3028,2.6
3029,1.2
3030,3.2
3031,6.8
3032,9.1
3033,13.8
3034,15.0
3035,16.6
3036,17.7
3037,18.3
3038,18.8
3039,18.3
3040,18.8
3041,17.7
3042,15.5
3043,12.7
3044,10.5
3045,10.5
3046,12.2
3047,12.7
3048,12.2
3049,11.6
3050,10.5
3051,10.5
3052,10.0
3053,11.0
3054,12.2
3055,13.3
3056,14.4
3057,16.6
3058,18.8
3059,21.6
3060,22.2
3061,23.3
3062,23.8
3063,23.8
3064,24.4
3065,23.8
3066,22.2
3067,18.3
3068,20.0
3069,18.8
3070,18.3
3071,18.3
3072,19.0
3073,16.1
3074,16.0
3075,16.6
3076,16.6
3077,16.6
3078,17.2
3079,18.8
3080,20.5
3081,21.6
3082,24.4
3083,26.1
3084,27.7
3085,28.3
3086,28.3
3087,27.7
3088,27.2
3089,26.1
3090,25.0
3091,22.7
3092,21.6
3093,18.3
3094,17.7
3095,17.7
3096,17.2
3097,17.0
3098,16.6
3099,17.2
3100,17.0
3101,17.0
3102,19.4
3103,21.1
3104,21.6
3105,22.2
3106,23.8
3107,25.0
3108,25.0
3109,24.4
3110,23.3
3111,22.7
3112,22.2
3113,19.4
3114,17.7
3115,16.1
3116,15.0
3117,12.7
3118,12.2
3119,11.6
3120,12.4
3121,9.4
3122,11.1
3123,10.3
3124,7.2
3125,9.0
3126,12.7
3127,14.4
3128,15.5
3129,16.6
3130,17.2
3131,18.3
3132,20.0
3133,20.5
3134,21.6
3135,21.6
3136,22.7
3137,21.6
3138,20.0
3139,19.8
3140,18.5
3141,14.2
3142,13.3
3143,11.6
3144,11.1
3145,11.1
3146,11.6
3147,11.1
3148,10.0
3149,11.0
3150,14.4
3151,14.7
3152,17.8
3153,25.5
3154,26.1
3155,26.1
3156,26.1
3157,26.6
3158,27.2
3159,26.6
3160,25.0
3161,21.6
3162,20.5
3163,19.4
3164,17.7
3165,16.6
3166,15.5
3167,17.7
3168,16.6
3169,17.2
3170,16.6
3171,16.6
3172,16.1
3173,16.0
3174,20.0
3175,20.5
3176,21.6
3177,23.8
3178,25.0
3179,26.1
3180,27.7
3181,28.8
3182,30.0
3183,30.0
3184,28.8
3185,28.3
3186,26.1
3187,26.0
3188,21.6
3189,18.8
3190,19.0
3191,18.0
3192,17.0
3193,16.1
3194,16.0
3195,15.0
3196,13.3
3197,13.0
3198,13.8
3199,15.0
3200,18.3
3201,21.1
3202,22.2
3203,24.4
3204,26.6
3205,27.7
3206,28.3
3207,27.7
3208,27.2
3209,25.5
3210,24.4
3211,22.2
3212,20.5
3213,21.0
3214,19.4
3215,19.4
3216,19.4
3217,19.0
3218,18.8
3219,19.0
3220,19.4
3221,19.0
3222,19.4
3223,21.1
3224,22.2
3225,24.4
3226,25.0
3227,26.1
3228,25.0
3229,25.0
3230,24.4
3231,24.4
3232,24.4
3233,23.8
3234,23.3
3235,22.2
3236,18.3
3237,18.3
3238,18.3
3239,18.3
3240,19.4
3241,19.4
3242,19.4
3243,18.7
3244,17.5
3245,15.6
3246,14.7
3247,13.9
3248,13.3
3249,9.0
3250,10.0
3251,10.0
3252,10.0
3253,11.6
3254,11.1
3255,11.6
3256,10.5
3257,9.4
3258,9.0
3259,8.3
3260,8.3
3261,8.0
3262,8.0
3263,7.2
3264,6.6
3265,6.1
3266,6.1
3267,6.1
3268,5.5
3269,6.0
3270,6.6
3271,7.2
3272,8.8
3273,10.0
3274,11.1
3275,10.5
3276,12.7
3277,12.2
3278,12.7
3279,12.7
3280,11.6
3281,12.2
3282,10.5
3283,8.3
3284,8.8
3285,6.6
3286,6.6
3287,6.6
3288,5.0
3289,5.5
3290,5.5
3291,5.5
3292,4.6
3293,7.0
3294,6.6
3295,7.2
3296,8.3
3297,9.0
3298,11.0
3299,12.2
3300,13.8
3301,15.0
3302,14.4
3303,14.4
3304,14.4
3305,13.3
3306,11.1
3307,11.6
3308,7.7
3309,8.7
3310,7.1
3311,7.1
3312,4.8
3313,4.4
3314,3.8
3315,3.4
3316,3.1
3317,3.6
3318,5.8
3319,8.9
3320,11.1
3321,15.5
3322,17.7
3323,18.3
3324,17.2
3325,18.3
3326,18.3
3327,18.8
3328,17.7
3329,16.1
3330,13.3
3331,15.1
3332,11.6
3333,11.9
3334,8.3
3335,9.7
3336,8.5
3337,6.1
3338,6.1
3339,6.1
3340,5.5
3341,6.0
3342,10.0
3343,11.4
3344,16.6
3345,18.3
3346,20.0
3347,20.5
3348,20.5
3349,21.1
3350,21.1
3351,20.5
3352,19.4
3353,17.2
3354,16.1
3355,14.4
3356,14.4
3357,15.0
3358,13.3
3359,13.3
3360,12.7
3361,12.7
3362,12.7
3363,12.7
3364,13.3
3365,14.0
3366,15.5
3367,17.2
3368,18.3
3369,18.3
3370,19.4
3371,17.7
3372,16.1
3373,16.6
3374,17.2
3375,18.3
3376,18.0
3377,18.3
3378,17.2
3379,17.0
3380,15.5
3381,15.5
3382,16.0
3383,15.0
3384,14.4
3385,13.8
3386,13.3
3387,13.0
3388,13.0
3389,14.0
3390,15.0
3391,16.1
3392,17.0
3393,20.0
3394,22.7
3395,23.3
3396,21.1
3397,23.3
3398,23.3
3399,21.1
3400,20.5
3401,19.4
3402,17.7
3403,15.5
3404,15.0
3405,14.0
3406,12.2
3407,12.7
3408,12.3
3409,12.0
3410,11.6
3411,11.1
3412,11.0
3413,12.0
3414,12.2
3415,12.7
3416,13.0
3417,13.3
3418,13.8
3419,12.7
3420,12.2
3421,12.2
3422,11.6
3423,11.1
3424,11.1
3425,11.1
3426,10.5
3427,11.0
3428,11.1
3429,11.0
3430,11.6
3431,12.0
3432,11.0
3433,11.6
3434,12.0
3435,11.6
3436,11.6
3437,11.6
3438,12.0
3439,11.6
3440,12.0
3441,13.3
3442,15.0
3443,16.6
3444,17.7
3445,18.8
3446,20.0
3447,20.0
3448,20.5
3449,20.0
3450,17.7
3451,13.8
3452,12.7
3453,11.1
3454,12.7
3455,12.2
3456,11.8
3457,11.7
3458,10.9
3459,10.1
3460,9.3
3461,8.8
3462,13.3
3463,12.8
3464,18.8
3465,20.5
3466,21.6
3467,23.3
3468,23.8
3469,24.4
3470,24.4
3471,23.8
3472,23.8
3473,22.7
3474,20.5
3475,21.7
3476,19.4
3477,13.8
3478,12.7
3479,13.8
3480,13.8
3481,13.8
3482,14.4
3483,15.0
3484,12.7
3485,12.0
3486,14.8
3487,16.7
3488,23.3
3489,25.0
3490,25.5
3491,26.6
3492,27.2
3493,27.2
3494,27.7
3495,27.2
3496,26.6
3497,25.0
3498,23.3
3499,20.0
3500,20.0
3501,18.3
3502,19.4
3503,19.4
3504,18.8
3505,18.3
3506,16.6
3507,16.1
3508,15.0
3509,16.0
3510,21.1
3511,23.8
3512,24.4
3513,25.5
3514,26.1
3515,27.2
3516,28.3
3517,28.3
3518,26.6
3519,25.5
3520,22.7
3521,22.2
3522,21.1
3523,21.1
3524,20.5
3525,19.4
3526,21.0
3527,21.0
3528,19.0
3529,18.3
3530,18.8
3531,19.0
3532,17.0
3533,15.0
3534,13.0
3535,12.0
3536,11.6
3537,12.0
3538,17.1
3539,18.2
3540,18.9
3541,18.9
3542,14.4
3543,18.9
3544,18.4
3545,13.3
3546,12.2
3547,12.2
3548,12.2
3549,12.2
3550,12.0
3551,12.0
3552,12.2
3553,13.0
3554,12.2
3555,12.2
3556,11.6
3557,12.0
3558,11.6
3559,12.2
3560,12.0
3561,14.0
3562,16.1
3563,16.1
3564,16.1
3565,15.5
3566,16.1
3567,16.1
3568,15.5
3569,15.0
3570,14.4
3571,13.0
3572,14.9
3573,14.1
3574,13.1
3575,12.6
3576,12.2
3577,11.8
3578,11.8
3579,11.1
3580,11.0
3581,11.2
3582,11.1
3583,13.8
3584,16.1
3585,18.3
3586,20.0
3587,21.6
3588,22.2
3589,21.6
3590,20.5
3591,20.5
3592,20.0
3593,18.3
3594,18.3
3595,16.1
3596,12.7
3597,13.3
3598,10.5
3599,12.0
3600,11.1
3601,10.6
3602,10.1
3603,9.3
3604,8.4
3605,7.0
3606,9.0
3607,14.4
3608,16.6
3609,19.4
3610,19.4
3611,20.0
3612,20.5
3613,21.1
3614,21.1
3615,21.1
3616,21.1
3617,18.3
3618,16.2
3619,14.9
3620,12.4
3621,11.6
3622,10.9
3623,10.4
3624,11.3
3625,10.4
3626,10.6
3627,11.7
3628,12.5
3629,14.4
3630,13.9
3631,15.0
3632,16.7
3633,16.7
3634,18.3
3635,19.4
3636,18.3
3637,18.9
3638,19.4
3639,18.9
3640,17.8
3641,16.1
3642,13.9
3643,16.0
3644,14.8
3645,13.2
3646,12.0
3647,11.2
3648,10.2
3649,9.1
3650,8.9
3651,8.2
3652,5.6
3653,8.8
3654,9.6
3655,14.4
3656,14.4
3657,15.0
3658,14.4
3659,15.0
3660,15.0
3661,17.2
3662,17.2
3663,17.2
3664,16.7
3665,16.1
3666,14.4
3667,15.2
3668,14.7
3669,13.0
3670,10.8
3671,10.4
3672,9.1
3673,9.0
3674,9.0
3675,6.7
3676,7.2
3677,7.0
3678,10.6
3679,12.8
3680,13.9
3681,15.6
3682,16.7
3683,17.8
3684,17.8
3685,18.3
3686,18.9
3687,18.9
3688,18.9
3689,17.8
3690,16.1
3691,16.7
3692,14.4
3693,12.8
3694,11.3
3695,9.9
3696,9.4
3697,9.4
3698,6.7
3699,8.1
3700,5.6
3701,7.0
3702,10.0
3703,10.6
3704,11.1
3705,10.6
3706,10.6
3707,11.1
3708,11.7
3709,13.3
3710,11.4
3711,13.8
3712,18.3
3713,19.4
3714,17.8
3715,17.2
3716,17.2
3717,16.7
3718,16.7
3719,16.7
3720,16.7
3721,15.0
3722,15.0
3723,15.6
3724,15.0
3725,16.0
3726,17.8
3727,18.3
3728,17.8
3729,20.6
3730,21.7
3731,21.7
3732,19.1
3733,23.0
3734,21.0
3735,19.0
3736,19.0
3737,17.0
3738,15.0
3739,13.9
3740,14.0
3741,13.0
3742,13.0
3743,12.8
3744,12.6
3745,11.8
3746,11.8
3747,12.2
3748,12.0
3749,12.5
3750,13.0
3751,13.0
3752,14.0
3753,14.0
3754,14.0
3755,15.0
3756,15.0
3757,17.0
3758,17.0
3759,13.3
3760,12.2
3761,12.0
3762,11.1
3763,11.0
3764,10.6
3765,10.0
3766,10.0
3767,9.4
3768,9.0
3769,9.0
3770,8.9
3771,9.0
3772,9.0
3773,9.0
3774,10.6
3775,12.2
3776,10.6
3777,15.6
3778,15.0
3779,16.0
3780,16.7
3781,18.9
3782,18.9
3783,19.4
3784,18.9
3785,17.8
3786,16.7
3787,15.0
3788,12.2
3789,10.6
3790,9.4
3791,11.9
3792,8.9
3793,8.9
3794,8.9
3795,8.3
3796,7.2
3797,9.0
3798,12.8
3799,12.5
3800,14.2
3801,18.9
3802,21.1
3803,21.7
3804,21.1
3805,22.8
3806,23.0
3807,22.8
3808,22.8
3809,21.7
3810,20.6
3811,17.2
3812,18.9
3813,13.9
3814,12.2
3815,11.1
3816,10.0
3817,10.0
3818,9.4
3819,8.9
3820,9.4
3821,10.0
3822,13.9
3823,15.6
3824,17.8
3825,20.0
3826,21.7
3827,22.2
3828,23.9
3829,23.9
3830,24.4
3831,24.4
3832,23.9
3833,23.3
3834,20.6
3835,17.2
3836,20.7
3837,19.3
3838,13.9
3839,13.9
3840,12.8
3841,13.3
3842,14.4
3843,15.6
3844,16.1
3845,16.0
3846,16.7
3847,18.9
3848,21.1
3849,22.2
3850,23.9
3851,23.9
3852,26.1
3853,26.7
3854,27.2
3855,27.2
3856,27.2
3857,27.2
3858,24.4
3859,20.6
3860,18.3
3861,17.8
3862,19.4
3863,20.6
3864,20.0
3865,20.0
3866,19.4
3867,18.3
3868,17.8
3869,19.0
3870,22.2
3871,23.9
3872,25.0
3873,26.1
3874,27.2
3875,28.3
3876,28.9
3877,30.0
3878,30.6
3879,30.6
3880,30.6
3881,29.4
3882,27.8
3883,22.2
3884,20.0
3885,18.9
3886,18.3
3887,17.8
3888,16.7
3889,16.7
3890,16.7
3891,17.8
3892,19.0
3893,19.0
3894,23.3
3895,25.0
3896,27.2
3897,28.3
3898,29.4
3899,30.0
3900,30.6
3901,31.0
3902,31.1
3903,31.1
3904,30.0
3905,29.4
3906,27.2
3907,25.0
3908,23.3
3909,20.0
3910,19.4
3911,18.9
3912,19.4
3913,21.1
3914,20.0
3915,19.4
3916,19.0
3917,21.0
3918,25.0
3919,26.1
3920,26.7
3921,26.7
3922,26.1
3923,26.7
3924,27.2
3925,28.3
3926,27.8
3927,27.2
3928,25.6
3929,23.9
3930,22.2
3931,20.0
3932,18.3
3933,18.0
3934,18.0
3935,18.0
3936,16.0
3937,16.0
3938,16.0
3939,15.0
3940,13.9
3941,14.0
3942,14.0
3943,16.0
3944,17.8
3945,20.6
3946,21.7
3947,23.3
3948,23.3
3949,24.4
3950,24.4
3951,23.9
3952,23.3
3953,21.7
3954,20.6
3955,16.1
3956,19.0
3957,12.8
3958,12.2
3959,11.7
3960,12.2
3961,11.7
3962,12.2
3963,12.2
3964,13.3
3965,14.0
3966,16.7
3967,18.3
3968,21.7
3969,23.3
3970,25.6
3971,25.6
3972,24.0
3973,22.0
3974,22.8
3975,25.0
3976,24.4
3977,23.9
3978,22.8
3979,21.0
3980,19.4
3981,18.9
3982,18.9
3983,18.9
3984,18.9
3985,18.9
3986,18.3
3987,15.6
3988,16.0
3989,16.0
3990,15.6
3991,16.1
3992,17.8
3993,18.3
3994,19.4
3995,19.0
3996,22.8
3997,23.3
3998,23.3
3999,23.3
4000,24.4
4001,22.8
4002,21.7
4003,20.6
4004,20.0
4005,19.4
4006,18.9
4007,18.3
4008,18.3
4009,18.0
4010,18.9
4011,19.0
4012,18.9
4013,19.0
4014,20.6
4015,22.2
4016,23.9
4017,25.0
4018,26.1
4019,27.2
4020,27.8
4021,28.3
4022,27.2
4023,27.2
4024,27.8
4025,27.8
4026,26.1
4027,24.4
4028,23.3
4029,22.8
4030,21.7
4031,21.7
4032,21.7
4033,21.7
4034,21.1
4035,21.7
4036,21.7
4037,22.0
4038,23.9
4039,25.6
4040,26.0
4041,27.8
4042,28.3
4043,30.0
4044,30.6
4045,30.6
4046,31.1
4047,30.6
4048,29.4
4049,27.7
4050,26.0
4051,22.0
4052,20.6
4053,21.1
4054,21.1
4055,21.1
4056,21.1
4057,20.6
4058,20.6
4059,20.6
4060,20.0
4061,21.0
4062,20.6
4063,21.1
4064,21.1
4065,20.6
4066,19.0
4067,19.0
4068,19.0
4069,19.0
4070,21.0
4071,22.0
4072,23.0
4073,22.0
4074,19.0
4075,18.0
4076,17.0
4077,17.3
4078,17.2
4079,17.0
4080,16.9
4081,16.2
4082,16.1
4083,15.9
4084,15.2
4085,16.0
4086,17.0
4087,18.0
4088,20.0
4089,21.0
4090,22.0
4091,22.0
4092,23.0
4093,22.0
4094,23.0
4095,23.0
4096,21.0
4097,22.0
4098,21.0
4099,21.0
4100,18.0
4101,18.1
4102,17.7
4103,17.4
4104,17.0
4105,16.1
4106,15.7
4107,15.4
4108,14.4
4109,15.0
4110,17.0
4111,17.0
4112,18.0
4113,19.0
4114,21.0
4115,22.0
4116,23.0
4117,23.0
4118,23.0
4119,23.0
4120,22.0
4121,22.0
4122,20.0
4123,18.0
4124,15.0
4125,15.1
4126,14.7
4127,14.4
4128,14.0
4129,13.1
4130,12.7
4131,12.4
4132,11.4
4133,12.0
4134,17.0
4135,18.0
4136,21.0
4137,22.0
4138,23.0
4139,24.0
4140,25.0
4141,24.0
4142,24.0
4143,27.0
4144,27.0
4145,27.0
4146,26.0
4147,24.0
4148,24.0
4149,24.1
4150,23.7
4151,23.4
4152,23.0
4153,22.1
4154,21.7
4155,21.4
4156,20.4
4157,21.0
4158,22.0
4159,23.0
4160,23.0
4161,24.0
4162,23.0
4163,23.0
4164,25.0
4165,24.0
4166,23.0
4167,23.0
4168,23.0
4169,23.0
4170,23.0
4171,22.5
4172,22.0
4173,21.8
4174,21.1
4175,20.4
4176,19.7
4177,18.4
4178,17.7
4179,17.0
4180,15.7
4181,16.0
4182,18.0
4183,19.0
4184,21.0
4185,22.0
4186,23.0
4187,24.0
4188,24.0
4189,24.0
4190,24.0
4191,25.0
4192,23.0
4193,23.0
4194,20.0
4195,18.0
4196,16.0
4197,16.0
4198,15.9
4199,15.7
4200,15.6
4201,14.8
4202,14.6
4203,14.2
4204,13.7
4205,15.0
4206,18.0
4207,19.0
4208,21.0
4209,22.0
4210,18.0
4211,22.0
4212,23.0
4213,21.0
4214,19.0
4215,22.0
4216,21.0
4217,18.0
4218,14.0
4219,14.0
4220,14.0
4221,13.8
4222,13.9
4223,13.6
4224,13.7
4225,13.0
4226,12.9
4227,12.3
4228,12.1
4229,14.0
4230,15.0
4231,16.0
4232,18.0
4233,19.0
4234,20.0
4235,19.0
4236,18.0
4237,21.0
4238,22.0
4239,21.6
4240,20.4
4241,14.0
4242,14.0
4243,12.8
4244,12.8
4245,12.8
4246,12.8
4247,12.8
4248,11.7
4249,11.8
4250,11.8
4251,11.9
4252,11.9
4253,12.0
4254,12.0
4255,12.0
4256,15.0
4257,16.1
4258,17.8
4259,19.0
4260,17.0
4261,16.1
4262,17.7
4263,17.2
4264,16.7
4265,16.7
4266,16.1
4267,13.9
4268,13.9
4269,12.8
4270,12.8
4271,12.2
4272,12.2
4273,11.1
4274,10.6
4275,9.4
4276,9.4
4277,12.0
4278,14.4
4279,16.1
4280,17.8
4281,19.4
4282,20.6
4283,20.6
4284,21.7
4285,22.0
4286,23.3
4287,23.3
4288,23.3
4289,22.2
4290,21.1
4291,16.7
4292,15.6
4293,15.6
4294,15.6
4295,15.0
4296,16.7
4297,16.1
4298,16.7
4299,16.7
4300,16.7
4301,17.0
4302,17.8
4303,17.8
4304,19.4
4305,22.0
4306,23.0
4307,25.6
4308,25.6
4309,26.7
4310,25.6
4311,26.1
4312,25.6
4313,25.6
4314,24.4
4315,22.2
4316,21.7
4317,21.7
4318,22.2
4319,22.2
4320,21.7
4321,21.7
4322,21.7
4323,21.7
4324,21.7
4325,22.0
4326,22.8
4327,22.8
4328,24.4
4329,26.1
4330,27.2
4331,26.7
4332,25.0
4333,27.2
4334,26.7
4335,23.0
4336,23.9
4337,24.4
4338,21.4
4339,20.3
4340,19.6
4341,18.3
4342,17.2
4343,15.1
4344,13.7
4345,12.5
4346,11.5
4347,12.9
4348,14.3
4349,16.9
4350,16.7
4351,18.9
4352,21.1
4353,23.3
4354,23.9
4355,24.4
4356,25.0
4357,26.1
4358,27.2
4359,25.6
4360,25.6
4361,26.1
4362,25.0
4363,21.1
4364,21.5
4365,18.6
4366,17.5
4367,17.1
4368,13.3
4369,11.7
4370,12.2
4371,13.3
4372,12.8
4373,14.0
4374,15.9
4375,17.0
4376,22.8
4377,22.8
4378,25.6
4379,21.1
4380,21.7
4381,21.0
4382,22.8
4383,23.9
4384,25.0
4385,24.4
4386,21.7
4387,18.0
4388,16.7
4389,16.1
4390,15.0
4391,15.6
4392,16.0
4393,14.0
4394,14.4
4395,13.3
4396,12.8
4397,13.0
4398,14.4
4399,16.0
4400,17.2
4401,19.4
4402,21.1
4403,21.7
4404,23.9
4405,23.9
4406,24.4
4407,22.8
4408,22.0
4409,21.1
4410,20.0
4411,18.3
4412,19.8
4413,17.5
4414,15.0
4415,12.2
4416,15.1
4417,14.5
4418,13.8
4419,12.8
4420,12.0
4421,14.2
4422,17.2
4423,19.4
4424,21.1
4425,23.3
4426,24.4
4427,25.0
4428,25.0
4429,25.6
4430,25.0
4431,25.0
4432,24.4
4433,23.9
4434,22.8
4435,19.4
4436,21.5
4437,18.7
4438,17.2
4439,15.9
4440,14.8
4441,11.7
4442,15.0
4443,11.1
4444,11.6
4445,12.0
4446,16.7
4447,20.6
4448,23.9
4449,25.0
4450,26.7
4451,27.5
4452,28.3
4453,28.9
4454,28.9
4455,28.9
4456,28.3
4457,26.1
4458,24.4
4459,23.3
4460,22.2
4461,22.0
4462,21.1
4463,20.6
4464,20.6
4465,20.0
4466,19.4
4467,18.3
4468,16.1
4469,18.0
4470,21.1
4471,22.2
4472,23.3
4473,25.6
4474,26.1
4475,27.8
4476,27.2
4477,30.0
4478,28.9
4479,28.9
4480,27.8
4481,27.8
4482,26.7
4483,21.7
4484,25.5
4485,17.8
4486,17.8
4487,17.2
4488,16.7
4489,16.1
4490,16.1
4491,15.0
4492,14.4
4493,16.0
4494,21.7
4495,24.4
4496,26.1
4497,27.8
4498,28.9
4499,29.4
4500,30.6
4501,31.7
4502,31.7
4503,32.2
4504,32.2
4505,31.1
4506,27.8
4507,25.0
4508,23.4
4509,21.7
4510,21.7
4511,18.9
4512,19.4
4513,18.9
4514,20.6
4515,20.0
4516,20.0
4517,21.0
4518,21.7
4519,20.6
4520,21.4
4521,22.2
4522,25.0
4523,27.8
4524,28.9
4525,30.0
4526,30.6
4527,30.0
4528,29.4
4529,28.3
4530,26.7
4531,24.4
4532,21.1
4533,19.4
4534,18.9
4535,18.3
4536,18.3
4537,18.3
4538,17.8
4539,17.8
4540,17.2
4541,18.0
4542,20.6
4543,25.0
4544,26.7
4545,27.8
4546,26.7
4547,28.9
4548,28.3
4549,28.9
4550,28.3
4551,22.8
4552,23.9
4553,25.0
4554,24.4
4555,22.8
4556,21.7
4557,21.1
4558,20.6
4559,20.0
4560,20.0
4561,21.1
4562,21.7
4563,21.7
4564,21.1
4565,22.0
4566,22.8
4567,22.8
4568,25.0
4569,26.7
4570,27.2
4571,27.8
4572,25.6
4573,22.2
4574,23.3
4575,26.7
4576,26.1
4577,25.6
4578,23.9
4579,21.7
4580,21.1
4581,20.0
4582,19.4
4583,19.0
4584,18.1
4585,17.7
4586,17.4
4587,17.5
4588,16.8
4589,16.9
4590,19.5
4591,16.7
4592,17.0
4593,17.8
4594,17.2
4595,17.8
4596,18.0
4597,17.2
4598,17.8
4599,19.4
4600,20.0
4601,20.6
4602,20.0
4603,16.7
4604,14.4
4605,17.2
4606,12.2
4607,12.8
4608,11.7
4609,14.3
4610,13.8
4611,11.0
4612,11.0
4613,11.0
4614,16.1
4615,18.9
4616,18.9
4617,21.1
4618,21.7
4619,22.2
4620,25.0
4621,25.0
4622,25.6
4623,26.7
4624,25.6
4625,25.0
4626,23.9
4627,17.8
4628,17.8
4629,16.1
4630,13.9
4631,14.4
4632,13.3
4633,13.9
4634,13.3
4635,13.9
4636,13.3
4637,14.0
4638,19.4
4639,21.7
4640,23.3
4641,25.6
4642,28.3
4643,30.0
4644,30.0
4645,29.4
4646,31.1
4647,31.1
4648,30.6
4649,28.9
4650,28.3
4651,26.6
4652,25.0
4653,23.9
4654,23.9
4655,23.9
4656,22.8
4657,22.2
4658,21.7
4659,21.1
4660,21.1
4661,22.0
4662,23.8
4663,25.6
4664,27.8
4665,29.4
4666,29.4
4667,30.6
4668,31.1
4669,32.2
4670,31.1
4671,31.1
4672,30.0
4673,22.0
4674,23.9
4675,23.3
4676,23.3
4677,23.9
4678,23.3
4679,22.8
4680,22.2
4681,21.7
4682,22.2
4683,22.2
4684,22.2
4685,22.0
4686,24.4
4687,26.7
4688,27.8
4689,28.3
4690,25.6
4691,22.0
4692,27.8
4693,29.4
4694,30.0
4695,30.6
4696,30.6
4697,30.0
4698,29.4
4699,26.7
4700,27.2
4701,25.0
4702,20.6
4703,18.9
4704,18.3
4705,18.3
4706,17.2
4707,17.8
4708,17.2
4709,18.0
4710,22.2
4711,24.4
4712,25.6
4713,26.1
4714,27.2
4715,27.2
4716,30.0
4717,24.0
4718,27.2
4719,28.0
4720,28.9
4721,28.3
4722,26.1
4723,23.3
4724,21.7
4725,20.0
4726,16.1
4727,20.1
4728,19.3
4729,14.4
4730,15.0
4731,13.3
4732,13.9
4733,14.0
4734,18.3
4735,19.4
4736,20.0
4737,21.1
4738,22.2
4739,24.4
4740,25.0
4741,24.4
4742,25.6
4743,26.1
4744,26.1
4745,24.4
4746,22.8
4747,21.1
4748,19.4
4749,17.8
4750,17.8
4751,17.0
4752,16.1
4753,16.0
4754,16.1
4755,14.4
4756,14.0
4757,13.0
4758,17.0
4759,18.3
4760,21.1
4761,22.2
4762,23.9
4763,25.0
4764,27.2
4765,26.7
4766,27.8
4767,28.9
4768,27.8
4769,28.3
4770,26.1
4771,20.6
4772,18.3
4773,20.5
4774,22.8
4775,21.7
4776,21.7
4777,21.7
4778,21.1
4779,19.4
4780,21.1
4781,23.0
4782,23.3
4783,23.5
4784,23.7
4785,23.9
4786,23.0
4787,22.0
4788,25.0
4789,27.2
4790,24.4
4791,25.0
4792,27.0
4793,24.4
4794,23.3
4795,22.8
4796,22.8
4797,20.6
4798,18.9
4799,20.1
4800,15.6
4801,16.1
4802,16.7
4803,15.0
4804,15.0
4805,16.0
4806,17.8
4807,18.3
4808,19.4
4809,21.7
4810,23.3
4811,23.9
4812,25.0
4813,24.4
4814,23.9
4815,23.9
4816,23.3
4817,22.8
4818,20.6
4819,17.8
4820,19.6
4821,13.3
4822,12.2
4823,11.7
4824,11.1
4825,11.1
4826,10.6
4827,10.0
4828,10.0
4829,11.0
4830,15.0
4831,18.9
4832,20.6
4833,22.8
4834,23.0
4835,23.9
4836,24.4
4837,25.6
4838,26.7
4839,26.7
4840,26.1
4841,25.6
4842,23.3
4843,17.8
4844,21.1
4845,18.6
4846,18.3
4847,13.3
4848,12.8
4849,12.2
4850,12.2
4851,11.7
4852,11.7
4853,12.0
4854,17.2
4855,21.7
4856,24.4
4857,26.7
4858,28.3
4859,28.9
4860,29.4
4861,31.1
4862,32.2
4863,32.8
4864,31.7
4865,30.6
4866,28.6
4867,26.7
4868,19.4
4869,22.2
4870,21.1
4871,22.8
4872,24.4
4873,23.3
4874,24.4
4875,24.4
4876,24.4
4877,24.0
4878,26.1
4879,26.7
4880,27.8
4881,27.2
4882,28.9
4883,29.4
4884,31.1
4885,32.8
4886,33.3
4887,32.8
4888,32.2
4889,30.6
4890,28.9
4891,27.2
4892,25.6
4893,26.1
4894,25.0
4895,23.9
4896,22.2
4897,21.7
4898,20.0
4899,18.9
4900,19.4
4901,21.0
4902,23.9
4903,25.6
4904,27.8
4905,29.4
4906,30.0
4907,30.0
4908,31.1
4909,31.7
4910,31.1
4911,30.6
4912,30.0
4913,28.9
4914,27.2
4915,23.3
4916,19.4
4917,17.8
4918,17.2
4919,21.7
4920,18.3
4921,16.1
4922,14.4
4923,15.6
4924,15.0
4925,15.0
4926,18.9
4927,23.3
4928,25.6
4929,26.7
4930,28.3
4931,28.9
4932,30.6
4933,30.6
4934,31.1
4935,30.6
4936,29.4
4937,28.9
4938,26.7
4939,25.6
4940,23.9
4941,22.8
4942,20.6
4943,18.3
4944,18.3
4945,17.8
4946,17.8
4947,17.8
4948,17.8
4949,18.0
4950,22.8
4951,26.7
4952,26.7
4953,22.0
4954,21.0
4955,25.6
4956,27.8
4957,23.0
4958,21.7
4959,23.3
4960,24.4
4961,25.0
4962,23.3
4963,21.7
4964,21.1
4965,22.2
4966,20.6
4967,18.9
4968,18.0
4969,18.0
4970,17.0
4971,17.2
4972,17.0
4973,17.0
4974,21.1
4975,22.0
4976,22.2
4977,22.8
4978,24.4
4979,25.0
4980,25.6
4981,26.7
4982,26.7
4983,27.2
4984,27.2
4985,26.1
4986,24.4
4987,21.7
4988,19.4
4989,16.7
4990,16.1
4991,16.7
4992,16.1
4993,16.1
4994,15.0
4995,14.4
4996,14.4
4997,14.0
4998,18.9
4999,22.8
5000,24.4
5001,26.7
5002,27.2
5003,28.3
5004,29.4
5005,28.9
5006,30.0
5007,30.0
5008,29.4
5009,28.9
5010,26.7
5011,22.2
5012,20.0
5013,18.9
5014,18.3
5015,17.2
5016,18.3
5017,17.8
5018,17.2
5019,17.2
5020,16.7
5021,17.0
5022,19.4
5023,22.8
5024,25.6
5025,26.7
5026,28.3
5027,28.3
5028,28.9
5029,28.3
5030,28.3
5031,27.8
5032,26.7
5033,26.7
5034,24.4
5035,23.3
5036,22.2
5037,21.1
5038,20.0
5039,18.9
5040,18.9
5041,18.3
5042,16.7
5043,15.6
5044,15.0
5045,16.0
5046,19.0
5047,20.6
5048,21.0
5049,25.0
5050,26.1
5051,28.9
5052,29.4
5053,27.8
5054,29.4
5055,28.3
5056,27.8
5057,26.7
5058,24.4
5059,22.2
5060,21.1
5061,17.8
5062,15.6
5063,15.6
5064,16.1
5065,14.4
5066,15.0
5067,14.4
5068,15.6
5069,16.0
5070,16.7
5071,17.8
5072,18.3
5073,18.0
5074,17.8
5075,20.0
5076,21.0
5077,22.0
5078,21.7
5079,20.6
5080,21.7
5081,21.7
5082,20.0
5083,19.5
5084,19.2
5085,18.4
5086,17.4
5087,16.3
5088,15.0
5089,14.5
5090,14.0
5091,14.8
5092,16.4
5093,18.4
5094,17.2
5095,20.6
5096,21.7
5097,22.8
5098,24.4
5099,25.0
5100,26.1
5101,27.2
5102,27.2
5103,26.7
5104,25.6
5105,24.4
5106,21.7
5107,18.9
5108,20.8
5109,15.0
5110,13.9
5111,13.9
5112,13.9
5113,13.3
5114,12.8
5115,12.8
5116,12.2
5117,12.0
5118,15.0
5119,18.3
5120,22.2
5121,23.9
5122,25.6
5123,26.7
5124,27.2
5125,27.8
5126,28.3
5127,28.3
5128,26.7
5129,25.6
5130,24.4
5131,22.0
5132,19.4
5133,18.3
5134,18.3
5135,17.8
5136,17.8
5137,18.9
5138,18.9
5139,16.7
5140,16.7
5141,17.0
5142,19.4
5143,21.1
5144,22.8
5145,24.0
5146,25.0
5147,26.0
5148,27.2
5149,27.2
5150,27.8
5151,27.2
5152,26.7
5153,26.1
5154,23.9
5155,19.4
5156,17.8
5157,17.2
5158,17.2
5159,16.1
5160,15.6
5161,15.0
5162,14.4
5163,14.4
5164,14.4
5165,14.0
5166,18.9
5167,19.4
5168,21.7
5169,22.2
5170,23.0
5171,22.8
5172,25.0
5173,25.0
5174,25.0
5175,24.4
5176,23.3
5177,22.2
5178,20.0
5179,20.1
5180,18.3
5181,18.0
5182,16.5
5183,15.6
5184,11.1
5185,14.6
5186,14.2
5187,13.4
5188,9.4
5189,12.3
5190,12.8
5191,17.2
5192,16.4
5193,22.8
5194,24.4
5195,25.6
5196,26.7
5197,26.7
5198,26.7
5199,27.2
5200,27.2
5201,27.2
5202,21.7
5203,18.3
5204,17.8
5205,16.1
5206,18.3
5207,16.1
5208,16.7
5209,18.3
5210,18.9
5211,19.4
5212,18.9
5213,19.0
5214,21.1
5215,22.8
5216,25.0
5217,26.7
5218,26.7
5219,29.4
5220,23.9
5221,27.2
5222,29.0
5223,21.0
5224,19.0
5225,19.0
5226,19.4
5227,18.9
5228,18.9
5229,18.9
5230,18.9
5231,18.3
5232,19.0
5233,18.3
5234,18.3
5235,18.3
5236,17.8
5237,18.0
5238,20.0
5239,20.6
5240,21.1
5241,22.2
5242,23.3
5243,23.0
5244,24.0
5245,23.9
5246,23.3
5247,21.1
5248,22.2
5249,21.7
5250,20.6
5251,19.4
5252,18.9
5253,19.0
5254,19.0
5255,18.0
5256,16.7
5257,16.0
5258,16.0
5259,16.0
5260,15.6
5261,16.0
5262,19.4
5263,21.1
5264,23.3
5265,24.4
5266,26.7
5267,26.7
5268,26.1
5269,27.0
5270,26.4
5271,19.4
5272,21.1
5273,21.7
5274,20.6
5275,20.0
5276,20.0
5277,19.4
5278,18.3
5279,17.8
5280,17.2
5281,15.0
5282,14.4
5283,14.4
5284,15.0
5285,16.0
5286,18.3
5287,19.4
5288,20.0
5289,21.1
5290,22.2
5291,22.8
5292,23.3
5293,23.9
5294,24.4
5295,22.8
5296,22.8
5297,21.7
5298,21.7
5299,20.6
5300,18.0
5301,15.0
5302,14.4
5303,15.6
5304,13.9
5305,12.2
5306,13.9
5307,13.9
5308,15.0
5309,14.0
5310,16.1
5311,17.2
5312,18.0
5313,18.9
5314,20.0
5315,20.6
5316,21.1
5317,21.1
5318,22.2
5319,21.7
5320,20.6
5321,20.6
5322,18.3
5323,17.2
5324,16.1
5325,13.9
5326,13.9
5327,12.2
5328,11.1
5329,10.6
5330,10.6
5331,10.0
5332,9.4
5333,12.9
5334,15.0
5335,17.2
5336,19.4
5337,20.6
5338,22.2
5339,23.9
5340,23.9
5341,25.0
5342,25.0
5343,24.4
5344,24.4
5345,23.3
5346,20.6
5347,21.3
5348,19.5
5349,17.7
5350,13.9
5351,13.3
5352,12.8
5353,12.8
5354,12.8
5355,12.8
5356,12.2
5357,12.0
5358,17.2
5359,20.0
5360,22.2
5361,23.9
5362,25.6
5363,26.1
5364,26.7
5365,27.2
5366,26.0
5367,26.7
5368,26.7
5369,25.0
5370,23.9
5371,22.8
5372,21.1
5373,20.0
5374,18.9
5375,18.9
5376,17.8
5377,17.8
5378,17.8
5379,17.8
5380,18.9
5381,19.0
5382,20.0
5383,20.0
5384,21.1
5385,21.0
5386,23.3
5387,24.4
5388,25.0
5389,24.4
5390,26.1
5391,26.7
5392,26.7
5393,22.8
5394,21.7
5395,21.1
5396,20.6
5397,20.0
5398,19.4
5399,19.0
5400,20.0
5401,19.0
5402,18.0
5403,17.2
5404,17.2
5405,17.0
5406,18.3
5407,19.4
5408,21.1
5409,22.2
5410,24.4
5411,25.6
5412,25.0
5413,26.1
5414,26.1
5415,26.1
5416,24.4
5417,23.3
5418,21.7
5419,19.4
5420,16.7
5421,16.7
5422,17.2
5423,16.7
5424,14.4
5425,13.9
5426,14.4
5427,13.9
5428,14.4
5429,14.0
5430,16.1
5431,18.9
5432,20.6
5433,23.3
5434,25.0
5435,26.7
5436,26.7
5437,26.7
5438,27.2
5439,27.0
5440,19.0
5441,19.4
5442,17.2
5443,17.2
5444,17.2
5445,17.8
5446,17.8
5447,17.8
5448,17.8
5449,17.2
5450,17.8
5451,19.0
5452,18.9
5453,19.0
5454,19.4
5455,19.4
5456,21.1
5457,23.3
5458,24.4
5459,25.6
5460,25.6
5461,26.7
5462,23.0
5463,22.0
5464,26.7
5465,24.4
5466,22.2
5467,21.7
5468,23.0
5469,19.0
5470,19.0
5471,18.0
5472,17.0
5473,17.0
5474,17.2
5475,16.7
5476,16.7
5477,17.0
5478,19.4
5479,22.2
5480,24.4
5481,25.6
5482,26.7
5483,26.7
5484,25.6
5485,24.0
5486,22.0
5487,27.3
5488,24.2
5489,20.6
5490,18.9
5491,17.2
5492,17.8
5493,17.8
5494,16.1
5495,16.1
5496,16.7
5497,16.1
5498,16.1
5499,16.1
5500,16.1
5501,16.0
5502,17.8
5503,20.0
5504,23.9
5505,25.6
5506,27.2
5507,27.8
5508,28.9
5509,28.0
5510,24.4
5511,21.7
5512,21.1
5513,21.1
5514,20.0
5515,19.4
5516,19.4
5517,19.4
5518,19.4
5519,18.9
5520,18.9
5521,19.4
5522,20.0
5523,20.0
5524,18.3
5525,20.0
5526,21.1
5527,21.1
5528,22.2
5529,23.9
5530,25.0
5531,25.6
5532,27.2
5533,26.7
5534,27.2
5535,27.8
5536,27.2
5537,26.1
5538,23.3
5539,21.7
5540,18.9
5541,17.8
5542,17.2
5543,17.2
5544,16.7
5545,15.6
5546,15.0
5547,15.0
5548,16.0
5549,14.0
5550,17.8
5551,20.6
5552,22.8
5553,24.4
5554,25.6
5555,26.7
5556,26.7
5557,28.3
5558,28.3
5559,28.9
5560,28.9
5561,27.2
5562,22.8
5563,21.1
5564,22.2
5565,22.2
5566,20.0
5567,19.4
5568,22.8
5569,22.8
5570,22.8
5571,22.2
5572,21.7
5573,22.0
5574,22.2
5575,22.8
5576,21.7
5577,23.9
5578,24.7
5579,25.5
5580,26.2
5581,27.0
5582,27.0
5583,28.0
5584,28.0
5585,25.0
5586,22.0
5587,20.2
5588,20.6
5589,19.8
5590,17.8
5591,17.1
5592,19.0
5593,18.7
5594,18.6
5595,18.0
5596,17.6
5597,17.3
5598,21.0
5599,21.0
5600,21.0
5601,21.0
5602,23.0
5603,22.0
5604,22.0
5605,22.0
5606,22.0
5607,21.0
5608,20.0
5609,19.0
5610,18.0
5611,16.4
5612,16.5
5613,15.0
5614,13.6
5615,13.0
5616,13.8
5617,13.4
5618,13.5
5619,13.3
5620,13.1
5621,12.7
5622,12.0
5623,16.0
5624,18.0
5625,19.0
5626,20.0
5627,20.0
5628,20.0
5629,20.0
5630,20.0
5631,20.0
5632,21.0
5633,19.0
5634,16.0
5635,14.4
5636,13.9
5637,11.7
5638,10.6
5639,10.0
5640,9.4
5641,12.0
5642,12.0
5643,12.1
5644,8.9
5645,12.4
5646,11.7
5647,14.4
5648,16.7
5649,17.2
5650,17.8
5651,18.9
5652,18.3
5653,18.9
5654,18.3
5655,18.3
5656,17.8
5657,17.2
5658,16.1
5659,15.6
5660,15.0
5661,13.9
5662,11.7
5663,10.6
5664,13.4
5665,10.6
5666,10.0
5667,10.0
5668,9.0
5669,12.9
5670,11.7
5671,15.0
5672,14.5
5673,20.0
5674,21.1
5675,22.2
5676,22.8
5677,23.9
5678,22.2
5679,22.2
5680,22.8
5681,18.9
5682,16.1
5683,14.4
5684,15.0
5685,14.4
5686,13.9
5687,13.3
5688,12.2
5689,10.6
5690,11.1
5691,11.1
5692,10.6
5693,11.0
5694,13.3
5695,16.1
5696,17.8
5697,20.0
5698,20.6
5699,22.2
5700,22.8
5701,23.9
5702,23.9
5703,23.3
5704,22.8
5705,21.7
5706,17.8
5707,19.2
5708,16.7
5709,17.2
5710,16.1
5711,15.0
5712,15.6
5713,15.0
5714,15.6
5715,15.6
5716,15.0
5717,16.0
5718,15.6
5719,16.7
5720,16.7
5721,19.4
5722,19.4
5723,19.4
5724,20.0
5725,19.4
5726,20.6
5727,21.7
5728,19.4
5729,19.4
5730,18.9
5731,18.9
5732,18.9
5733,18.9
5734,18.9
5735,18.9
5736,18.9
5737,18.9
5738,19.0
5739,19.0
5740,19.4
5741,18.0
5742,17.8
5743,18.3
5744,18.9
5745,18.9
5746,19.0
5747,19.0
5748,19.0
5749,19.4
5750,19.4
5751,20.0
5752,19.4
5753,20.6
5754,17.8
5755,16.7
5756,14.4
5757,14.0
5758,13.0
5759,12.2
5760,12.2
5761,11.1
5762,14.8
5763,14.4
5764,13.8
5765,13.8
5766,14.4
5767,16.7
5768,18.3
5769,19.4
5770,20.6
5771,20.6
5772,20.6
5773,21.1
5774,22.2
5775,22.2
5776,22.2
5777,21.1
5778,16.1
5779,18.2
5780,13.3
5781,12.8
5782,13.9
5783,13.9
5784,14.4
5785,13.9
5786,15.6
5787,15.0
5788,15.6
5789,16.0
5790,18.3
5791,18.9
5792,21.1
5793,22.8
5794,21.1
5795,23.9
5796,24.4
5797,24.4
5798,24.4
5799,24.4
5800,23.9
5801,21.7
5802,18.3
5803,15.0
5804,19.0
5805,17.4
5806,15.9
5807,12.2
5808,11.7
5809,13.8
5810,13.1
5811,13.6
5812,13.0
5813,13.0
5814,11.7
5815,15.6
5816,17.2
5817,18.9
5818,18.9
5819,20.0
5820,20.6
5821,21.1
5822,20.0
5823,20.6
5824,20.0
5825,19.4
5826,13.0
5827,12.6
5828,12.6
5829,12.1
5830,11.5
5831,11.1
5832,10.9
5833,11.0
5834,11.4
5835,11.9
5836,12.7
5837,13.8
5838,12.8
5839,14.4
5840,16.1
5841,17.2
5842,18.3
5843,20.6
5844,19.4
5845,21.1
5846,20.6
5847,21.1
5848,20.0
5849,19.4
5850,19.4
5851,18.3
5852,17.2
5853,17.2
5854,17.8
5855,18.3
5856,18.0
5857,16.7
5858,17.0
5859,17.0
5860,16.7
5861,17.0
5862,17.8
5863,18.0
5864,18.0
5865,22.2
5866,21.0
5867,20.0
5868,19.4
5869,20.0
5870,21.7
5871,22.0
5872,20.0
5873,19.4
5874,17.2
5875,15.0
5876,13.9
5877,13.3
5878,12.8
5879,13.0
5880,12.8
5881,12.2
5882,16.0
5883,13.0
5884,13.3
5885,13.0
5886,14.4
5887,16.1
5888,17.2
5889,18.0
5890,21.1
5891,21.0
5892,23.3
5893,24.0
5894,25.0
5895,25.0
5896,24.4
5897,22.2
5898,21.7
5899,20.0
5900,20.6
5901,20.0
5902,19.4
5903,19.4
5904,20.0
5905,20.0
5906,20.0
5907,19.4
5908,19.4
5909,19.0
5910,19.0
5911,20.0
5912,21.7
5913,23.0
5914,19.0
5915,24.4
5916,25.6
5917,25.0
5918,23.9
5919,22.8
5920,20.6
5921,19.0
5922,17.2
5923,17.0
5924,15.0
5925,15.0
5926,14.4
5927,12.8
5928,12.8
5929,10.6
5930,13.6
5931,13.2
5932,12.5
5933,8.0
5934,11.1
5935,13.9
5936,17.2
5937,18.9
5938,18.9
5939,19.4
5940,19.4
5941,20.6
5942,20.6
5943,20.6
5944,20.0
5945,18.3
5946,15.6
5947,13.9
5948,11.7
5949,12.8
5950,12.2
5951,11.7
5952,10.0
5953,10.0
5954,9.4
5955,8.9
5956,8.3
5957,8.0
5958,10.0
5959,11.2
5960,12.5
5961,19.4
5962,20.6
5963,21.1
5964,21.7
5965,22.8
5966,21.7
5967,21.1
5968,20.6
5969,18.3
5970,16.1
5971,16.1
5972,13.9
5973,12.8
5974,12.0
5975,14.4
5976,15.0
5977,15.0
5978,14.0
5979,12.0
5980,13.0
5981,13.0
5982,14.0
5983,15.0
5984,15.0
5985,16.0
5986,18.3
5987,18.9
5988,18.3
5989,18.3
5990,18.9
5991,18.9
5992,18.9
5993,17.2
5994,13.9
5995,13.3
5996,12.8
5997,15.0
5998,15.0
5999,12.8
6000,12.0
6001,12.0
6002,11.0
6003,13.0
6004,13.0
6005,13.0
6006,13.9
6007,14.0
6008,15.0
6009,17.8
6010,18.3
6011,19.4
6012,19.4
6013,20.6
6014,20.0
6015,18.9
6016,17.8
6017,16.1
6018,14.4
6019,13.9
6020,12.8
6021,11.7
6022,11.1
6023,10.6
6024,10.0
6025,11.2
6026,9.0
6027,11.6
6028,8.9
6029,9.0
6030,10.0
6031,11.7
6032,13.3
6033,15.0
6034,16.7
6035,17.8
6036,18.9
6037,19.4
6038,19.4
6039,19.4
6040,18.9
6041,17.2
6042,13.9
6043,12.8
6044,10.6
6045,11.1
6046,11.7
6047,10.0
6048,10.0
6049,10.0
6050,9.4
6051,9.4
6052,9.4
6053,9.0
6054,12.2
6055,11.6
6056,13.6
6057,20.6
6058,22.8
6059,24.4
6060,26.1
6061,26.7
6062,26.7
6063,27.2
6064,25.6
6065,24.4
6066,22.8
6067,22.2
6068,22.2
6069,22.2
6070,22.2
6071,22.2
6072,21.7
6073,21.7
6074,21.1
6075,21.7
6076,19.0
6077,19.0
6078,20.6
6079,22.2
6080,23.9
6081,26.1
6082,26.7
6083,26.7
6084,28.3
6085,28.9
6086,28.3
6087,27.8
6088,27.2
6089,25.0
6090,21.1
6091,21.1
6092,18.9
6093,19.0
6094,19.0
6095,19.0
6096,19.0
6097,19.0
6098,19.0
6099,19.0
6100,17.0
6101,17.0
6102,16.0
6103,15.6
6104,15.6
6105,15.6
6106,16.1
6107,15.6
6108,15.6
6109,15.6
6110,16.1
6111,16.1
6112,16.1
6113,15.6
6114,14.4
6115,13.9
6116,13.3
6117,11.7
6118,12.0
6119,11.0
6120,10.6
6121,10.0
6122,9.4
6123,9.4
6124,10.0
6125,10.0
6126,12.2
6127,13.3
6128,15.0
6129,15.6
6130,17.8
6131,17.8
6132,18.3
6133,17.8
6134,17.2
6135,17.2
6136,16.7
6137,15.6
6138,15.6
6139,15.6
6140,15.6
6141,16.0
6142,16.0
6143,15.6
6144,15.6
6145,15.6
6146,15.6
6147,15.0
6148,15.0
6149,14.0
6150,15.0
6151,16.1
6152,17.8
6153,17.8
6154,17.8
6155,17.8
6156,19.4
6157,20.6
6158,21.1
6159,21.1
6160,20.6
6161,20.0
6162,19.0
6163,17.8
6164,16.7
6165,14.4
6166,12.2
6167,11.7
6168,10.6
6169,13.4
6170,10.0
6171,12.2
6172,11.7
6173,11.0
6174,11.7
6175,15.6
6176,18.3
6177,20.6
6178,21.7
6179,22.2
6180,22.2
6181,22.2
6182,21.1
6183,19.4
6184,18.9
6185,17.8
6186,17.8
6187,17.0
6188,17.0
6189,17.0
6190,17.0
6191,16.0
6192,16.0
6193,16.0
6194,16.0
6195,16.0
6196,16.0
6197,15.0
6198,15.6
6199,15.6
6200,15.6
6201,15.6
6202,17.8
6203,18.3
6204,18.9
6205,20.6
6206,21.1
6207,20.6
6208,20.0
6209,17.2
6210,13.9
6211,12.8
6212,11.1
6213,13.7
6214,8.9
6215,8.9
6216,9.4
6217,8.0
6218,9.9
6219,8.9
6220,8.4
6221,9.7
6222,8.3
6223,12.2
6224,15.0
6225,17.2
6226,18.3
6227,19.4
6228,20.6
6229,21.7
6230,21.1
6231,20.0
6232,20.0
6233,17.2
6234,14.4
6235,12.8
6236,13.9
6237,11.9
6238,10.7
6239,11.6
6240,10.9
6241,10.6
6242,10.3
6243,9.6
6244,8.8
6245,8.8
6246,7.8
6247,8.6
6248,10.8
6249,14.2
6250,19.4
6251,20.6
6252,21.1
6253,22.2
6254,22.2
6255,21.7
6256,19.4
6257,16.7
6258,16.8
6259,11.1
6260,11.1
6261,11.1
6262,8.9
6263,8.9
6264,9.4
6265,8.3
6266,7.2
6267,6.7
6268,6.7
6269,6.0
6270,8.9
6271,8.2
6272,10.6
6273,16.7
6274,18.3
6275,19.4
6276,20.6
6277,20.6
6278,21.7
6279,21.7
6280,20.6
6281,16.7
6282,17.1
6283,15.2
6284,14.2
6285,13.0
6286,9.4
6287,8.3
6288,10.0
6289,9.7
6290,7.2
6291,7.2
6292,7.2
6293,7.0
6294,8.3
6295,8.3
6296,10.4
6297,17.8
6298,20.0
6299,20.6
6300,22.8
6301,23.0
6302,23.9
6303,23.3
6304,22.8
6305,17.8
6306,20.1
6307,18.6
6308,17.5
6309,13.3
6310,12.8
6311,11.7
6312,11.7
6313,11.7
6314,11.1
6315,10.6
6316,10.0
6317,10.0
6318,11.7
6319,14.4
6320,14.2
6321,22.2
6322,23.9
6323,25.0
6324,25.6
6325,26.7
6326,26.7
6327,26.7
6328,25.6
6329,20.6
6330,16.1
6331,15.6
6332,16.1
6333,15.6
6334,15.0
6335,13.9
6336,13.9
6337,13.9
6338,13.9
6339,13.3
6340,13.9
6341,14.0
6342,16.7
6343,15.7
6344,17.5
6345,25.0
6346,26.7
6347,28.3
6348,29.4
6349,29.4
6350,27.8
6351,28.9
6352,27.8
6353,25.6
6354,23.9
6355,23.9
6356,22.8
6357,22.2
6358,22.8
6359,20.0
6360,20.0
6361,20.0
6362,20.6
6363,21.1
6364,21.1
6365,21.0
6366,21.7
6367,23.3
6368,23.3
6369,22.2
6370,22.8
6371,22.2
6372,21.7
6373,21.7
6374,23.9
6375,21.0
6376,20.0
6377,19.0
6378,19.0
6379,17.2
6380,18.0
6381,17.0
6382,16.0
6383,15.0
6384,12.8
6385,15.0
6386,15.0
6387,14.0
6388,14.0
6389,14.0
6390,13.9
6391,15.0
6392,14.4
6393,14.0
6394,16.0
6395,17.8
6396,17.8
6397,17.2
6398,17.8
6399,18.3
6400,17.2
6401,15.0
6402,14.4
6403,11.1
6404,10.6
6405,9.4
6406,9.4
6407,11.0
6408,11.0
6409,8.3
6410,7.2
6411,7.8
6412,7.2
6413,9.8
6414,8.9
6415,10.1
6416,12.0
6417,15.4
6418,21.7
6419,23.3
6420,23.9
6421,23.9
6422,24.4
6423,23.9
6424,22.8
6425,20.0
6426,17.8
6427,18.9
6428,18.9
6429,19.4
6430,18.9
6431,18.3
6432,18.3
6433,18.3
6434,17.2
6435,17.2
6436,17.2
6437,17.0
6438,17.2
6439,18.3
6440,17.2
6441,16.1
6442,15.6
6443,16.0
6444,16.1
6445,16.7
6446,18.3
6447,19.4
6448,18.9
6449,16.1
6450,15.0
6451,13.3
6452,12.8
6453,9.4
6454,11.5
6455,11.2
6456,10.1
6457,10.0
6458,10.1
6459,10.6
6460,10.0
6461,7.0
6462,7.8
6463,11.1
6464,10.7
6465,17.2
6466,18.3
6467,20.0
6468,21.1
6469,21.7
6470,22.2
6471,22.2
6472,20.6
6473,18.9
6474,17.8
6475,17.8
6476,17.8
6477,17.8
6478,17.2
6479,16.7
6480,17.2
6481,16.7
6482,16.7
6483,17.2
6484,17.8
6485,18.0
6486,17.8
6487,18.9
6488,16.6
6489,22.8
6490,24.4
6491,25.0
6492,26.1
6493,26.7
6494,26.1
6495,25.6
6496,23.3
6497,21.7
6498,21.1
6499,18.9
6500,19.0
6501,17.2
6502,17.0
6503,17.0
6504,16.0
6505,16.0
6506,16.0
6507,16.0
6508,14.0
6509,13.0
6510,12.2
6511,13.3
6512,13.9
6513,14.4
6514,14.0
6515,15.6
6516,16.7
6517,15.6
6518,16.7
6519,15.6
6520,14.4
6521,13.3
6522,12.2
6523,11.7
6524,9.4
6525,10.0
6526,10.0
6527,9.4
6528,9.4
6529,10.6
6530,10.0
6531,10.0
6532,10.6
6533,11.0
6534,11.7
6535,12.0
6536,13.9
6537,13.0
6538,11.1
6539,12.0
6540,12.8
6541,13.9
6542,13.9
6543,14.4
6544,14.4
6545,14.4
6546,15.6
6547,15.9
6548,16.1
6549,15.7
6550,15.5
6551,14.7
6552,13.9
6553,13.8
6554,13.3
6555,13.0
6556,13.4
6557,14.1
6558,12.0
6559,15.5
6560,16.1
6561,18.0
6562,19.4
6563,20.0
6564,21.6
6565,22.7
6566,20.0
6567,18.3
6568,18.3
6569,16.6
6570,15.5
6571,15.5
6572,15.5
6573,13.8
6574,13.3
6575,12.7
6576,11.6
6577,12.2
6578,11.1
6579,10.0
6580,12.0
6581,12.0
6582,12.0
6583,13.0
6584,17.2
6585,19.0
6586,20.0
6587,20.5
6588,21.1
6589,22.2
6590,22.2
6591,21.1
6592,21.1
6593,17.7
6594,16.6
6595,17.2
6596,15.0
6597,15.5
6598,15.0
6599,13.3
6600,13.8
6601,13.8
6602,13.8
6603,13.8
6604,13.0
6605,14.0
6606,14.4
6607,15.5
6608,16.6
6609,18.3
6610,18.8
6611,20.5
6612,21.6
6613,21.1
6614,20.5
6615,20.0
6616,19.4
6617,18.8
6618,18.8
6619,19.0
6620,16.6
6621,16.6
6622,16.6
6623,16.1
6624,15.5
6625,15.0
6626,15.0
6627,14.0
6628,14.0
6629,14.0
6630,14.4
6631,14.4
6632,13.8
6633,13.8
6634,13.8
6635,12.7
6636,13.3
6637,13.3
6638,14.0
6639,12.7
6640,12.7
6641,10.0
6642,8.3
6643,7.2
6644,7.7
6645,7.2
6646,6.1
6647,5.3
6648,4.1
6649,3.8
6650,3.8
6651,3.0
6652,2.7
6653,2.3
6654,2.2
6655,2.9
6656,4.6
6657,7.0
6658,9.4
6659,10.5
6660,11.1
6661,12.2
6662,11.6
6663,10.5
6664,10.0
6665,10.0
6666,8.3
6667,6.6
6668,5.5
6669,6.9
6670,5.5
6671,5.9
6672,5.5
6673,5.5
6674,6.1
6675,6.6
6676,6.6
6677,7.0
6678,6.1
6679,8.3
6680,10.0
6681,11.6
6682,13.3
6683,16.1
6684,17.7
6685,18.8
6686,18.3
6687,17.7
6688,17.2
6689,16.1
6690,16.6
6691,16.1
6692,15.5
6693,15.0
6694,15.5
6695,15.5
6696,15.5
6697,15.5
6698,15.0
6699,14.4
6700,13.8
6701,14.0
6702,13.8
6703,13.8
6704,16.1
6705,16.1
6706,17.7
6707,18.3
6708,17.7
6709,19.4
6710,19.4
6711,18.3
6712,17.7
6713,16.1
6714,15.5
6715,15.5
6716,16.1
6717,16.1
6718,14.4
6719,13.3
6720,13.8
6721,13.0
6722,12.7
6723,12.7
6724,12.2
6725,12.0
6726,12.2
6727,13.8
6728,15.0
6729,15.0
6730,16.1
6731,17.2
6732,17.2
6733,14.4
6734,15.5
6735,15.0
6736,13.3
6737,12.2
6738,11.6
6739,11.1
6740,10.5
6741,10.5
6742,10.5
6743,10.5
6744,10.5
6745,8.8
6746,6.6
6747,7.3
6748,6.5
6749,6.0
6750,6.6
6751,6.3
6752,8.2
6753,12.2
6754,13.3
6755,14.4
6756,16.6
6757,15.5
6758,16.6
6759,15.0
6760,13.3
6761,10.5
6762,8.8
6763,10.3
6764,8.3
6765,7.2
6766,6.6
6767,6.1
6768,5.8
6769,5.6
6770,4.9
6771,4.5
6772,3.9
6773,3.7
6774,3.7
6775,4.3
6776,6.6
6777,8.7
6778,12.7
6779,13.3
6780,13.3
6781,13.8
6782,15.0
6783,12.7
6784,11.1
6785,10.7
6786,9.0
6787,6.1
6788,5.5
6789,6.5
6790,5.5
6791,6.1
6792,6.1
6793,6.1
6794,5.5
6795,6.1
6796,5.5
6797,6.0
6798,5.0
6799,6.1
6800,7.5
6801,8.9
6802,12.2
6803,13.3
6804,13.8
6805,12.2
6806,12.2
6807,11.1
6808,9.4
6809,9.9
6810,8.5
6811,7.3
6812,6.6
6813,5.2
6814,3.9
6815,3.6
6816,3.2
6817,2.4
6818,2.0
6819,1.5
6820,0.9
6821,0.3
6822,0.5
6823,1.6
6824,3.4
6825,7.4
6826,12.2
6827,12.7
6828,14.4
6829,15.0
6830,15.5
6831,13.8
6832,13.3
6833,9.4
6834,8.8
6835,7.2
6836,6.1
6837,6.1
6838,6.4
6839,6.5
6840,6.5
6841,6.6
6842,7.0
6843,7.5
6844,8.3
6845,12.0
6846,12.2
6847,12.7
6848,13.3
6849,13.8
6850,16.6
6851,16.6
6852,16.6
6853,16.6
6854,16.6
6855,16.1
6856,15.5
6857,15.5
6858,15.5
6859,15.0
6860,15.0
6861,15.5
6862,15.5
6863,15.5
6864,16.6
6865,17.0
6866,17.7
6867,17.7
6868,18.3
6869,18.0
6870,18.3
6871,19.4
6872,20.5
6873,23.3
6874,23.3
6875,23.3
6876,24.4
6877,24.4
6878,23.3
6879,22.7
6880,22.2
6881,21.6
6882,21.6
6883,21.1
6884,21.1
6885,21.1
6886,21.1
6887,21.6
6888,21.6
6889,21.1
6890,21.1
6891,21.0
6892,20.5
6893,21.0
6894,20.0
6895,19.4
6896,20.5
6897,21.0
6898,19.0
6899,18.8
6900,18.8
6901,18.8
6902,18.3
6903,17.7
6904,17.2
6905,16.6
6906,16.6
6907,17.2
6908,17.2
6909,17.2
6910,17.0
6911,17.2
6912,17.7
6913,18.0
6914,17.2
6915,17.0
6916,17.0
6917,17.0
6918,16.0
6919,17.0
6920,18.0
6921,19.0
6922,20.5
6923,21.1
6924,21.6
6925,20.5
6926,21.1
6927,19.4
6928,18.8
6929,15.0
6930,13.3
6931,12.0
6932,12.2
6933,12.7
6934,11.1
6935,10.5
6936,12.2
6937,11.6
6938,11.6
6939,11.6
6940,12.2
6941,11.0
6942,11.6
6943,13.3
6944,14.4
6945,15.5
6946,17.2
6947,17.7
6948,17.7
6949,17.7
6950,18.8
6951,18.8
6952,16.6
6953,16.0
6954,15.5
6955,15.5
6956,15.5
6957,15.5
6958,15.5
6959,15.0
6960,13.8
6961,13.8
6962,13.3
6963,13.0
6964,13.0
6965,13.0
6966,12.2
6967,12.2
6968,12.2
6969,12.2
6970,11.6
6971,12.7
6972,12.7
6973,11.1
6974,10.0
6975,10.0
6976,8.8
6977,8.8
6978,8.3
6979,7.7
6980,7.2
6981,7.0
6982,5.5
6983,5.5
6984,5.5
6985,5.0
6986,4.0
6987,3.8
6988,3.0
6989,2.0
6990,2.2
6991,2.7
6992,2.5
6993,3.0
6994,4.4
6995,4.4
6996,4.4
6997,5.0
6998,5.0
6999,5.5
7000,6.1
7001,4.3
7002,3.5
7003,3.1
7004,3.2
7005,2.3
7006,1.7
7007,1.2
7008,1.0
7009,1.6
7010,1.1
7011,1.1
7012,2.0
7013,2.5
7014,2.5
7015,2.4
7016,3.5
7017,5.9
7018,8.3
7019,8.3
7020,8.8
7021,9.4
7022,10.5
7023,10.5
7024,10.5
7025,10.5
7026,10.5
7027,10.0
7028,10.0
7029,8.3
7030,8.8
7031,7.7
7032,8.3
7033,7.7
7034,7.7
7035,7.7
7036,8.3
7037,8.0
7038,8.8
7039,9.4
7040,9.4
7041,8.8
7042,9.7
7043,12.7
7044,12.7
7045,12.7
7046,12.7
7047,11.6
7048,11.1
7049,11.1
7050,10.5
7051,10.0
7052,9.4
7053,9.0
7054,10.0
7055,10.0
7056,10.0
7057,9.4
7058,9.0
7059,8.8
7060,8.3
7061,8.0
7062,7.7
7063,7.7
7064,7.7
7065,8.3
7066,8.8
7067,9.4
7068,8.8
7069,9.4
7070,8.8
7071,8.8
7072,8.3
7073,8.3
7074,7.7
7075,7.7
7076,7.7
7077,7.2
7078,7.2
7079,6.6
7080,6.6
7081,6.6
7082,6.6
7083,6.1
7084,5.5
7085,6.0
7086,6.6
7087,6.6
7088,7.7
7089,7.7
7090,8.3
7091,8.8
7092,9.4
7093,9.4
7094,9.4
7095,10.0
7096,10.0
7097,9.4
7098,8.8
7099,8.8
7100,8.8
7101,9.0
7102,8.0
7103,8.0
7104,8.0
7105,8.0
7106,8.0
7107,8.0
7108,7.0
7109,7.0
7110,7.7
7111,8.3
7112,9.4
7113,11.1
7114,12.2
7115,13.8
7116,14.4
7117,14.4
7118,14.4
7119,12.7
7120,11.1
7121,9.4
7122,9.4
7123,7.7
7124,7.2
7125,8.2
7126,7.5
7127,7.3
7128,6.8
7129,6.7
7130,6.5
7131,6.2
7132,6.0
7133,6.6
7134,5.5
7135,8.3
7136,8.2
7137,9.8
7138,16.1
7139,17.2
7140,17.7
7141,17.7
7142,17.7
7143,18.3
7144,17.7
7145,15.5
7146,14.4
7147,14.4
7148,12.7
7149,11.6
7150,11.6
7151,9.0
7152,8.3
7153,7.7
7154,6.6
7155,7.8
7156,7.7
7157,8.0
7158,8.3
7159,8.8
7160,8.4
7161,8.8
7162,8.3
7163,8.8
7164,9.4
7165,8.8
7166,8.8
7167,9.4
7168,9.4
7169,9.4
7170,9.4
7171,9.4
7172,9.4
7173,8.3
7174,7.2
7175,7.0
7176,7.2
7177,6.1
7178,6.1
7179,5.0
7180,5.5
7181,4.0
7182,3.8
7183,3.7
7184,4.7
7185,6.8
7186,10.5
7187,11.6
7188,12.7
7189,13.8
7190,13.8
7191,14.4
7192,12.2
7193,11.2
7194,8.3
7195,10.0
7196,11.6
7197,9.2
7198,9.1
7199,9.4
7200,9.7
7201,9.7
7202,9.9
7203,9.6
7204,10.2
7205,10.1
7206,10.2
7207,10.0
7208,11.2
7209,13.0
7210,18.3
7211,20.5
7212,21.1
7213,24.4
7214,23.8
7215,23.3
7216,21.2
7217,18.1
7218,17.4
7219,17.1
7220,16.9
7221,16.7
7222,15.2
7223,14.6
7224,14.5
7225,13.4
7226,12.5
7227,10.9
7228,10.7
7229,10.0
7230,11.0
7231,12.0
7232,12.0
7233,12.0
7234,12.0
7235,12.0
7236,12.0
7237,10.0
7238,10.0
7239,10.5
7240,10.0
7241,9.4
7242,9.4
7243,8.8
7244,8.3
7245,8.3
7246,8.0
7247,7.7
7248,8.0
7249,8.0
7250,7.0
7251,5.5
7252,6.1
7253,4.7
7254,4.8
7255,4.7
7256,6.1
7257,7.2
7258,7.2
7259,7.7
7260,7.2
7261,7.7
7262,7.7
7263,7.2
7264,6.6
7265,5.5
7266,5.9
7267,5.3
7268,4.8
7269,4.3
7270,2.7
7271,2.2
7272,2.9
7273,2.5
7274,2.2
7275,1.6
7276,2.6
7277,1.7
7278,1.6
7279,1.4
7280,2.0
7281,4.1
7282,8.3
7283,8.8
7284,9.4
7285,9.4
7286,8.8
7287,8.8
7288,7.7
7289,7.2
7290,6.9
7291,6.5
7292,6.2
7293,5.6
7294,5.1
7295,4.8
7296,4.4
7297,4.2
7298,4.2
7299,4.0
7300,3.9
7301,4.0
7302,3.8
7303,3.8
7304,4.4
7305,3.8
7306,5.1
7307,5.2
7308,5.8
7309,6.1
7310,5.8
7311,5.1
7312,4.5
7313,3.3
7314,3.3
7315,2.6
7316,2.7
7317,2.7
7318,2.2
7319,2.2
7320,1.6
7321,2.2
7322,2.3
7323,2.0
7324,2.0
7325,1.0
7326,1.0
7327,1.0
7328,1.6
7329,2.2
7330,2.9
7331,3.7
7332,4.4
7333,3.8
7334,4.4
7335,4.3
7336,4.2
7337,2.2
7338,1.6
7339,1.6
7340,1.5
7341,1.5
7342,1.4
7343,1.8
7344,1.8
7345,1.9
7346,2.1
7347,2.4
7348,2.7
7349,3.0
7350,3.0
7351,3.1
7352,4.2
7353,6.1
7354,9.6
7355,10.8
7356,13.8
7357,13.3
7358,13.3
7359,11.6
7360,13.1
7361,11.1
7362,8.8
7363,11.6
7364,11.6
7365,11.1
7366,11.1
7367,10.5
7368,10.5
7369,10.0
7370,8.3
7371,10.0
7372,8.8
7373,11.6
7374,12.0
7375,9.4
7376,10.1
7377,13.3
7378,15.5
7379,17.2
7380,16.6
7381,17.2
7382,17.2
7383,16.6
7384,16.1
7385,15.5
7386,15.5
7387,16.6
7388,16.1
7389,16.6
7390,16.6
7391,16.1
7392,16.1
7393,15.5
7394,12.7
7395,12.2
7396,12.0
7397,12.0
7398,11.0
7399,9.4
7400,9.4
7401,10.5
7402,11.6
7403,12.2
7404,13.3
7405,14.4
7406,14.4
7407,13.8
7408,11.1
7409,9.4
7410,8.3
7411,7.5
7412,6.7
7413,5.6
7414,4.2
7415,5.2
7416,4.3
7417,3.8
7418,3.3
7419,4.5
7420,3.8
7421,4.4
7422,4.0
7423,5.1
7424,5.6
7425,6.8
7426,7.7
7427,7.0
7428,6.6
7429,7.0
7430,6.1
7431,6.6
7432,6.6
7433,6.0
7434,5.5
7435,5.0
7436,5.0
7437,4.4
7438,4.0
7439,4.0
7440,4.4
7441,4.4
7442,4.4
7443,4.0
7444,4.0
7445,3.8
7446,3.0
7447,3.3
7448,3.3
7449,2.6
7450,2.2
7451,1.6
7452,1.6
7453,1.6
7454,3.0
7455,2.2
7456,1.4
7457,0.3
7458,0.2
7459,0.2
7460,0.3
7461,0.1
7462,0.5
7463,1.0
7464,0.0
7465,0.0
7466,0.0
7467,-0.5
7468,-0.5
7469,-0.5
7470,-1.0
7471,0.0
7472,2.2
7473,0.9
7474,3.3
7475,5.0
7476,5.5
7477,5.5
7478,5.5
7479,5.5
7480,5.5
7481,5.5
7482,5.5
7483,5.5
7484,5.5
7485,5.5
7486,5.5
7487,6.1
7488,6.1
7489,5.5
7490,6.0
7491,5.0
7492,4.0
7493,3.8
7494,4.0
7495,4.4
7496,3.5
7497,4.1
7498,5.6
7499,7.2
7500,7.2
7501,7.7
7502,7.7
7503,7.2
7504,7.9
7505,6.4
7506,5.6
7507,4.3
7508,4.2
7509,3.8
7510,3.7
7511,3.7
7512,3.7
7513,3.7
7514,3.9
7515,3.5
7516,3.5
7517,3.5
7518,3.9
7519,4.0
7520,4.4
7521,5.9
7522,9.4
7523,11.6
7524,13.3
7525,14.4
7526,15.0
7527,13.8
7528,12.7
7529,11.6
7530,11.6
7531,11.6
7532,11.6
7533,10.5
7534,10.5
7535,10.0
7536,8.8
7537,8.8
7538,8.8
7539,8.3
7540,8.3
7541,7.7
7542,8.0
7543,8.3
7544,6.9
7545,9.1
7546,14.4
7547,15.5
7548,16.6
7549,17.7
7550,17.7
7551,16.6
7552,14.4
7553,13.3
7554,13.3
7555,12.2
7556,11.6
7557,11.6
7558,11.6
7559,12.2
7560,12.7
7561,12.7
7562,13.3
7563,13.3
7564,13.3
7565,12.7
7566,13.0
7567,7.7
7568,7.0
7569,7.7
7570,8.3
7571,8.8
7572,8.8
7573,8.3
7574,7.2
7575,6.1
7576,6.8
7577,4.4
7578,3.5
7579,2.2
7580,2.2
7581,2.7
7582,1.5
7583,1.6
7584,1.5
7585,1.1
7586,1.1
7587,0.7
7588,0.7
7589,0.3
7590,0.3
7591,0.1
7592,0.3
7593,1.1
7594,1.6
7595,2.2
7596,1.7
7597,1.5
7598,1.6
7599,1.1
7600,1.0
7601,0.1
7602,-1.1
7603,-1.1
7604,0.1
7605,-1.1
7606,-1.0
7607,-2.0
7608,-2.2
7609,-3.3
7610,-5.5
7611,-5.0
7612,-5.0
7613,-6.1
7614,-7.2
7615,-4.4
7616,-1.6
7617,-0.5
7618,0.5
7619,1.1
7620,1.4
7621,1.1
7622,0.9
7623,0.6
7624,0.1
7625,-1.1
7626,-1.1
7627,-1.1
7628,-1.1
7629,-1.6
7630,-2.0
7631,-2.0
7632,-1.6
7633,-2.0
7634,-2.0
7635,-3.0
7636,-3.0
7637,-4.0
7638,-4.0
7639,-2.7
7640,-1.6
7641,0.0
7642,0.3
7643,0.5
7644,1.5
7645,1.7
7646,1.6
7647,1.6
7648,1.8
7649,0.7
7650,0.1
7651,0.5
7652,0.0
7653,-0.5
7654,-0.5
7655,-0.5
7656,-2.2
7657,-2.2
7658,-2.7
7659,-1.6
7660,-1.6
7661,-1.1
7662,-1.0
7663,-0.5
7664,-0.5
7665,0.5
7666,1.1
7667,1.8
7668,2.7
7669,2.7
7670,2.7
7671,3.2
7672,3.2
7673,2.2
7674,2.2
7675,2.2
7676,2.2
7677,2.2
7678,2.2
7679,2.2
7680,1.6
7681,1.4
7682,1.1
7683,0.3
7684,0.3
7685,1.1
7686,1.0
7687,1.2
7688,1.6
7689,1.4
7690,1.6
7691,2.2
7692,2.7
7693,2.7
7694,2.5
7695,2.7
7696,3.0
7697,2.1
7698,2.3
7699,2.7
7700,2.2
7701,1.6
7702,0.7
7703,0.4
7704,-1.6
7705,-2.7
7706,-3.0
7707,-5.0
7708,-6.6
7709,-7.2
7710,-8.0
7711,-7.2
7712,-6.6
7713,-6.1
7714,-5.0
7715,-5.0
7716,-4.4
7717,-4.4
7718,-4.4
7719,-5.0
7720,-6.1
7721,-6.1
7722,-7.2
7723,-7.7
7724,-8.3
7725,-8.3
7726,-8.3
7727,-8.3
7728,-8.8
7729,-8.8
7730,-10.0
7731,-10.0
7732,-10.0
7733,-10.0
7734,-11.0
7735,-8.8
7736,-8.8
7737,-6.1
7738,-4.4
7739,-4.4
7740,-3.8
7741,-2.7
7742,-3.8
7743,-3.8
7744,-4.4
7745,-4.0
7746,-4.4
7747,-4.4
7748,-3.8
7749,-3.8
7750,-3.3
7751,-3.3
7752,-2.7
7753,-2.7
7754,-2.2
7755,-2.2
7756,-3.3
7757,-3.8
7758,-2.7
7759,-1.6
7760,0.0
7761,0.0
7762,-0.5
7763,-0.5
7764,-1.1
7765,-1.1
7766,-2.7
7767,-2.7
7768,-3.3
7769,-4.4
7770,-4.4
7771,-3.8
7772,-4.4
7773,-5.0
7774,-5.5
7775,-6.0
7776,-6.6
7777,-6.6
7778,-7.2
7779,-7.7
7780,-7.7
7781,-7.7
7782,-7.0
7783,-6.1
7784,-5.5
7785,-4.0
7786,-4.4
7787,-4.4
7788,-2.7
7789,-2.0
7790,-2.7
7791,-3.8
7792,-5.5
7793,-8.3
7794,-8.8
7795,-6.1
7796,-10.0
7797,-7.7
7798,-8.8
7799,-6.1
7800,-5.5
7801,-6.6
7802,-6.6
7803,-6.6
7804,-6.6
7805,-6.6
7806,-6.1
7807,-5.5
7808,-2.7
7809,-0.5
7810,0.5
7811,1.8
7812,3.8
7813,3.8
7814,2.8
7815,3.6
7816,5.5
7817,4.4
7818,3.8
7819,3.6
7820,3.9
7821,3.8
7822,3.9
7823,4.1
7824,4.7
7825,4.9
7826,4.9
7827,5.3
7828,7.7
7829,5.9
7830,6.2
7831,6.5
7832,6.7
7833,6.9
7834,8.5
7835,9.4
7836,8.3
7837,7.7
7838,8.3
7839,8.3
7840,7.7
7841,8.3
7842,7.0
7843,7.5
7844,8.0
7845,9.4
7846,10.0
7847,10.5
7848,11.0
7849,10.0
7850,9.0
7851,11.0
7852,11.0
7853,12.0
7854,13.0
7855,15.5
7856,16.1
7857,17.7
7858,19.4
7859,20.0
7860,19.0
7861,20.0
7862,18.8
7863,18.3
7864,17.7
7865,17.2
7866,16.6
7867,15.5
7868,15.0
7869,15.5
7870,14.4
7871,12.7
7872,12.2
7873,10.0
7874,8.3
7875,7.2
7876,6.6
7877,5.5
7878,6.0
7879,5.0
7880,5.5
7881,6.6
7882,7.7
7883,8.8
7884,9.4
7885,9.4
7886,9.4
7887,8.8
7888,7.6
7889,5.0
7890,5.0
7891,3.8
7892,2.7
7893,2.7
7894,2.2
7895,1.8
7896,1.6
7897,1.5
7898,1.5
7899,1.1
7900,1.0
7901,0.4
7902,0.3
7903,0.5
7904,0.5
7905,0.3
7906,0.3
7907,0.4
7908,-0.5
7909,-0.5
7910,-0.5
7911,-0.5
7912,-1.1
7913,0.3
7914,0.1
7915,0.1
7916,-1.6
7917,-1.6
7918,-2.0
7919,-2.0
7920,-2.7
7921,-3.0
7922,-3.0
7923,-3.0
7924,-2.7
7925,-2.7
7926,-3.0
7927,-2.7
7928,-2.7
7929,-2.2
7930,-2.2
7931,-2.2
7932,-2.2
7933,-2.2
7934,-2.2
7935,-2.2
7936,-3.0
7937,-3.8
7938,-4.4
7939,-5.0
7940,-4.4
7941,-2.7
7942,-3.0
7943,-3.3
7944,-3.0
7945,-3.0
7946,-3.0
7947,-3.0
7948,-4.0
7949,-3.0
7950,-4.0
7951,-5.0
7952,-5.0
7953,-4.4
7954,-3.8
7955,-4.4
7956,-3.8
7957,-3.3
7958,-3.8
7959,-4.4
7960,-6.1
7961,-6.1
7962,-7.7
7963,-8.3
7964,-6.6
7965,-6.6
7966,-6.6
7967,-7.2
7968,-6.6
7969,-6.6
7970,-7.7
7971,-9.4
7972,-7.7
7973,-6.6
7974,-6.0
7975,-6.1
7976,-5.5
7977,-4.4
7978,-3.3
7979,-2.7
7980,-2.7
7981,-2.2
7982,-1.6
7983,-1.6
7984,-1.6
7985,-1.1
7986,-1.6
7987,-1.6
7988,-1.1
7989,-0.5
7990,0.0
7991,0.4
7992,1.1
7993,2.6
7994,2.2
7995,2.7
7996,2.7
7997,3.3
7998,3.0
7999,3.3
8000,4.4
8001,5.0
8002,5.0
8003,5.5
8004,6.1
8005,6.6
8006,7.2
8007,7.7
8008,8.3
8009,7.2
8010,8.2
8011,8.4
8012,8.6
8013,6.3
8014,4.5
8015,2.7
8016,0.8
8017,0.6
8018,0.2
8019,-0.2
8020,-0.6
8021,-0.7
8022,-1.0
8023,-1.0
8024,0.0
8025,0.3
8026,1.0
8027,1.0
8028,1.5
8029,1.8
8030,1.7
8031,2.3
8032,2.6
8033,2.3
8034,2.2
8035,2.5
8036,2.4
8037,2.2
8038,2.2
8039,2.2
8040,2.3
8041,2.4
8042,3.0
8043,2.9
8044,3.1
8045,4.4
8046,4.0
8047,4.1
8048,4.3
8049,6.0
8050,6.7
8051,8.0
8052,8.3
8053,8.9
8054,8.9
8055,8.9
8056,9.4
8057,7.8
8058,6.7
8059,8.0
8060,7.8
8061,7.2
8062,7.2
8063,7.0
8064,7.2
8065,5.6
8066,6.1
8067,6.0
8068,6.0
8069,6.1
8070,5.0
8071,5.6
8072,5.6
8073,5.6
8074,6.1
8075,6.1
8076,5.6
8077,5.0
8078,5.5
8079,4.9
8080,3.8
8081,1.8
8082,1.2
8083,0.7
8084,0.4
8085,0.4
8086,-1.0
8087,-1.0
8088,-2.0
8089,-1.7
8090,-2.0
8091,-1.7
8092,-2.0
8093,-2.0
8094,-3.0
8095,-3.9
8096,-3.0
8097,-3.3
8098,-3.9
8099,-3.9
8100,-3.9
8101,-3.9
8102,-3.9
8103,-4.4
8104,-5.0
8105,-5.6
8106,-5.0
8107,-5.6
8108,-8.9
8109,-9.4
8110,-10.6
8111,-10.6
8112,-11.1
8113,-11.1
8114,-10.6
8115,-10.6
8116,-11.1
8117,-11.1
8118,-12.0
8119,-11.1
8120,-6.1
8121,-5.6
8122,-3.9
8123,-3.3
8124,-2.8
8125,-2.2
8126,-1.1
8127,-1.7
8128,-3.9
8129,-7.2
8130,-8.3
8131,-9.4
8132,-9.4
8133,-8.9
8134,-8.0
8135,-8.0
8136,-6.1
8137,-6.0
8138,-5.0
8139,-3.3
8140,-3.0
8141,-3.0
8142,-3.0
8143,-2.2
8144,-1.7
8145,-1.0
8146,-0.6
8147,0.6
8148,0.6
8149,1.1
8150,1.8
8151,1.7
8152,1.9
8153,1.6
8154,1.2
8155,0.9
8156,0.9
8157,0.8
8158,0.7
8159,0.3
8160,-3.0
8161,-3.0
8162,-3.3
8163,-3.0
8164,-3.3
8165,-5.0
8166,-4.0
8167,-4.4
8168,-5.0
8169,-5.0
8170,-5.0
8171,-5.0
8172,-3.9
8173,-4.4
8174,-5.0
8175,-5.0
8176,-6.1
8177,-6.1
8178,-6.7
8179,-7.8
8180,-8.9
8181,-8.3
8182,-7.2
8183,-7.2
8184,-8.9
8185,-9.4
8186,-8.9
8187,-8.3
8188,-8.9
8189,-8.3
8190,-8.0
8191,-6.7
8192,-5.6
8193,-4.4
8194,-3.9
8195,-3.3
8196,-2.2
8197,-2.2
8198,-2.8
8199,-2.8
8200,-3.3
8201,-3.3
8202,-3.9
8203,-4.4
8204,-6.1
8205,-6.7
8206,-5.0
8207,-5.0
8208,-6.1
8209,-7.8
8210,-11.7
8211,-12.2
8212,-12.8
8213,-13.3
8214,-13.0
8215,-13.9
8216,-9.4
8217,-4.4
8218,-2.2
8219,-0.6
8220,0.0
8221,0.6
8222,0.6
8223,0.6
8224,-2.8
8225,-6.7
8226,-7.8
8227,-8.9
8228,-6.7
8229,-3.9
8230,-3.9
8231,-3.3
8232,-3.3
8233,-2.8
8234,-2.8
8235,-2.8
8236,-2.8
8237,-2.8
8238,-3.0
8239,-2.8
8240,-2.2
8241,-1.7
8242,-1.1
8243,-0.6
8244,-0.6
8245,-1.1
8246,-1.1
8247,-1.7
8248,-1.7
8249,-2.2
8250,-2.2
8251,-2.8
8252,-2.8
8253,-2.8
8254,-2.8
8255,-2.8
8256,-2.8
8257,-2.8
8258,-2.8
8259,-2.8
8260,-2.8
8261,-3.3
8262,-3.0
8263,-3.3
8264,-3.3
8265,-2.8
8266,-1.7
8267,-1.1
8268,-1.1
8269,-1.1
8270,-1.7
8271,-2.2
8272,-2.2
8273,-2.2
8274,-2.2
8275,-3.3
8276,-3.3
8277,-3.0
8278,-3.0
8279,-3.0
8280,-3.0
8281,-3.0
8282,-3.0
8283,-3.0
8284,-2.0
8285,-1.1
8286,-1.0
8287,-1.1
8288,-1.1
8289,-0.6
8290,0.0
8291,0.2
8292,0.3
8293,0.3
8294,0.1
8295,0.1
8296,0.1
8297,-1.7
8298,-2.8
8299,-3.3
8300,-2.2
8301,-1.7
8302,-1.1
8303,-1.1
8304,-1.1
8305,-1.1
8306,-0.6
8307,-0.6
8308,-1.0
8309,-1.0
8310,-1.0
8311,-1.1
8312,-1.1
8313,0.6
8314,1.1
8315,0.0
8316,1.1
8317,0.9
8318,0.8
8319,1.3
8320,0.8
8321,0.2
8322,1.1
8323,0.6
8324,1.1
8325,1.1
8326,1.0
8327,0.6
8328,0.2
8329,0.0
8330,0.0
8331,0.2
8332,0.1
8333,1.2
8334,1.2
8335,1.4
8336,1.9
8337,2.7
8338,3.9
8339,4.1
8340,6.0
8341,5.7
8342,6.2
8343,6.7
8344,6.7
8345,6.7
8346,6.7
8347,5.1
8348,6.1
8349,4.8
8350,4.3
8351,4.4
8352,4.0
8353,3.7
8354,4.4
8355,2.8
8356,3.4
8357,2.8
8358,3.4
8359,3.5
8360,3.6
8361,4.4
8362,4.0
8363,4.4
8364,3.9
8365,3.9
8366,4.6
8367,4.5
8368,4.2
8369,3.1
8370,2.8
8371,2.5
8372,2.3
8373,2.1
8374,1.9
8375,1.3
8376,1.6
8377,1.3
8378,1.5
8379,1.5
8380,1.0
8381,1.1
8382,1.4
8383,1.7
8384,1.7
8385,1.7
8386,1.6
8387,1.6
8388,1.9
8389,2.1
8390,2.2
8391,2.2
8392,1.7
8393,1.5
8394,1.4
8395,1.1
8396,1.0
8397,0.3
8398,0.6
8399,0.7
8400,1.0
8401,1.0
8402,1.0
8403,1.1
8404,1.7
8405,1.3
8406,1.3
8407,0.6
8408,0.8
8409,1.7
8410,2.2
8411,2.2
8412,1.7
8413,1.7
8414,1.6
8415,1.5
8416,1.3
8417,0.6
8418,0.6
8419,0.4
8420,0.7
8421,0.1
8422,-1.0
8423,-2.2
8424,-3.0
8425,-3.9
8426,-4.4
8427,-4.0
8428,-4.4
8429,-4.0
8430,-4.0
8431,-5.0
8432,-5.0
8433,-5.0
8434,-5.0
8435,-5.6
8436,-5.6
8437,-5.6
8438,-5.6
8439,-6.1
8440,-6.1
8441,-7.8
8442,-10.0
8443,-11.1
8444,-11.1
8445,-11.1
8446,-11.1
8447,-11.1
8448,-11.7
8449,-11.1
8450,-11.1
8451,-10.6
8452,-10.6
8453,-10.6
8454,-11.0
8455,-10.0
8456,-6.7
8457,-2.2
8458,0.0
8459,2.2
8460,1.4
8461,2.4
8462,3.1
8463,3.9
8464,4.0
8465,1.9
8466,1.2
8467,0.2
8468,0.6
8469,0.0
8470,0.0
8471,0.0
8472,-0.6
8473,0.6
8474,0.0
8475,-1.1
8476,-1.7
8477,-0.6
8478,0.0
8479,0.0
8480,2.2
8481,4.4
8482,2.5
8483,3.9
8484,5.5
8485,7.2
8486,7.8
8487,7.2
8488,7.2
8489,6.1
8490,5.6
8491,5.0
8492,5.0
8493,4.4
8494,4.4
8495,5.3
8496,6.3
8497,7.7
8498,8.4
8499,8.6
8500,9.1
8501,13.0
8502,10.3
8503,10.5
8504,10.2
8505,10.8
8506,14.0
8507,15.0
8508,16.1
8509,16.1
8510,15.6
8511,15.6
8512,14.4
8513,13.9
8514,12.8
8515,11.6
8516,10.4
8517,8.0
8518,5.7
8519,4.2
8520,3.0
8521,2.3
8522,1.7
8523,0.9
8524,-1.0
8525,-1.0
8526,-1.0
8527,-1.1
8528,-1.7
8529,-2.0
8530,-1.7
8531,-1.7
8532,-1.1
8533,-1.1
8534,-1.1
8535,-0.6
8536,0.0
8537,-0.6
8538,-0.6
8539,-1.1
8540,-1.7
8541,-1.7
8542,-1.7
8543,-2.2
8544,-2.2
8545,-2.2
8546,-2.2
8547,-2.2
8548,-2.2
8549,-2.8
8550,-3.0
8551,-2.8
8552,-2.2
8553,-1.1
8554,-1.1
8555,-0.6
8556,0.6
8557,0.4
8558,0.9
8559,1.1
8560,0.8
8561,0.2
8562,0.2
8563,0.2
8564,0.4
8565,0.5
8566,0.4
8567,0.4
8568,0.4
8569,0.3
8570,0.3
8571,0.3
8572,0.5
8573,0.8
8574,0.7
8575,0.6
8576,0.5
8577,0.3
8578,0.7
8579,1.3
8580,1.1
8581,1.1
8582,0.7
8583,0.7
8584,0.6
8585,0.3
8586,0.1
8587,-1.1
8588,-1.1
8589,-1.1
8590,-1.0
8591,-0.6
8592,-1.1
8593,-1.0
8594,-1.0
8595,-1.7
8596,-2.0
8597,-2.0
8598,-3.0
8599,-2.8
8600,-2.2
8601,-2.2
8602,-1.7
8603,-1.7
8604,-1.7
8605,-1.7
8606,-2.2
8607,-1.1
8608,-3.3
8609,-3.9
8610,-3.9
8611,-4.4
8612,-3.9
8613,-3.3
8614,-3.3
8615,-3.0
8616,-2.8
8617,-3.0
8618,-3.0
8619,-3.0
8620,-2.2
8621,-1.7
8622,-2.0
8623,-1.7
8624,-1.7
8625,-1.1
8626,-0.6
8627,0.0
8628,0.6
8629,0.4
8630,0.6
8631,0.5
8632,0.8
8633,1.2
8634,1.1
8635,1.0
8636,1.0
8637,0.6
8638,0.2
8639,0.2
8640,-1.0
8641,-2.0
8642,-2.0
8643,-3.9
8644,-5.0
8645,-5.0
8646,-6.0
8647,-5.6
8648,-5.0
8649,-3.3
8650,-2.2
8651,1.1
8652,0.0
8653,0.7
8654,1.1
8655,1.3
8656,1.7
8657,1.4
8658,2.0
8659,2.8
8660,2.2
8661,2.8
8662,2.8
8663,2.3
8664,3.0
8665,2.2
8666,3.0
8667,3.9
8668,3.3
8669,3.9
8670,4.0
8671,5.6
8672,6.7
8673,7.8
8674,8.3
8675,8.9
8676,8.9
8677,9.4
8678,9.4
8679,9.4
8680,9.4
8681,10.0
8682,10.0
8683,8.3
8684,8.3
8685,7.8
8686,8.3
8687,7.8
8688,7.8
8689,8.0
8690,6.0
8691,4.8
8692,3.0
8693,2.0
8694,2.0
8695,2.2
8696,3.0
8697,2.8
8698,2.1
8699,1.7
8700,0.9
8701,0.5
8702,-1.0
8703,-2.2
8704,-2.8
8705,-2.8
8706,-3.3
8707,-3.9
8708,-3.9
8709,-4.4
8710,-4.4
8711,-4.4
8712,-4.4
8713,-3.9
8714,-3.9
8715,-4.0
8716,-4.0
8717,-4.0
8718,-3.0
8719,-2.8
8720,-2.2
8721,-1.7
8722,0.0
8723,0.6
8724,1.1
8725,1.1
8726,0.3
8727,1.1
8728,0.6
8729,0.9
8730,0.3
8731,-1.1
8732,-1.7
8733,-2.2
8734,-1.7
8735,-1.7
8736,-2.2
8737,-2.2
8738,-3.9
8739,-3.3
8740,-4.4
8741,-4.4
8742,-4.0
8743,-2.8
8744,0.0
8745,1.1
8746,0.2
8747,0.5
8748,2.0
8749,3.0
8750,2.8
8751,2.8
8752,2.8
8753,3.3
8754,3.3
8755,3.9
8756,3.3
8757,4.4
8758,5.0
8759,5.0
